-- MySQL dump 10.13  Distrib 8.0.32, for macos13 (arm64)
--
-- Host: localhost    Database: fullhouse
-- ------------------------------------------------------
-- Server version	8.0.32

/*!40101 SET @OLD_CHARACTER_SET_CLIENT=@@CHARACTER_SET_CLIENT */;
/*!40101 SET @OLD_CHARACTER_SET_RESULTS=@@CHARACTER_SET_RESULTS */;
/*!40101 SET @OLD_COLLATION_CONNECTION=@@COLLATION_CONNECTION */;
/*!50503 SET NAMES utf8mb4 */;
/*!40103 SET @OLD_TIME_ZONE=@@TIME_ZONE */;
/*!40103 SET TIME_ZONE='+00:00' */;
/*!40014 SET @OLD_UNIQUE_CHECKS=@@UNIQUE_CHECKS, UNIQUE_CHECKS=0 */;
/*!40014 SET @OLD_FOREIGN_KEY_CHECKS=@@FOREIGN_KEY_CHECKS, FOREIGN_KEY_CHECKS=0 */;
/*!40101 SET @OLD_SQL_MODE=@@SQL_MODE, SQL_MODE='NO_AUTO_VALUE_ON_ZERO' */;
/*!40111 SET @OLD_SQL_NOTES=@@SQL_NOTES, SQL_NOTES=0 */;

--
-- Table structure for table `migrations`
--

DROP TABLE IF EXISTS `migrations`;
/*!40101 SET @saved_cs_client     = @@character_set_client */;
/*!50503 SET character_set_client = utf8mb4 */;
CREATE TABLE `migrations` (
  `id` int unsigned NOT NULL AUTO_INCREMENT,
  `migration` varchar(255) COLLATE utf8mb4_unicode_ci NOT NULL,
  `batch` int NOT NULL,
  PRIMARY KEY (`id`)
) ENGINE=InnoDB AUTO_INCREMENT=23 DEFAULT CHARSET=utf8mb4 COLLATE=utf8mb4_unicode_ci;
/*!40101 SET character_set_client = @saved_cs_client */;

--
-- Dumping data for table `migrations`
--

LOCK TABLES `migrations` WRITE;
/*!40000 ALTER TABLE `migrations` DISABLE KEYS */;
INSERT INTO `migrations` VALUES (1,'2014_10_12_000000_create_users_table',1),(2,'2014_10_12_100000_create_password_reset_tokens_table',1),(3,'2019_08_19_000000_create_failed_jobs_table',1),(4,'2019_12_14_000001_create_personal_access_tokens_table',1),(5,'2023_04_13_025153_create_categories_table',1),(6,'2023_04_13_025308_create_products_table',1),(7,'2023_04_15_011850_create_reviews_table',1),(8,'2023_04_15_011916_create_carts_table',1),(9,'2023_04_15_011934_create_wish_lists_table',1),(10,'2023_04_15_011953_create_coupons_table',1),(11,'2023_04_15_012020_create_orders_table',1),(12,'2023_04_15_012030_create_order_details_table',1),(13,'2023_05_02_145154_create_newsletters_table',2),(18,'2023_05_10_101652_add_column_to_users_table',3),(19,'2023_05_16_155657_create_visitors_table',3),(21,'2023_05_17_105109_create_view_product_data',4);
/*!40000 ALTER TABLE `migrations` ENABLE KEYS */;
UNLOCK TABLES;

--
-- Table structure for table `carts`
--

DROP TABLE IF EXISTS `carts`;
/*!40101 SET @saved_cs_client     = @@character_set_client */;
/*!50503 SET character_set_client = utf8mb4 */;
CREATE TABLE `carts` (
  `id` bigint unsigned NOT NULL AUTO_INCREMENT,
  `quantity` int NOT NULL,
  `user_id` bigint unsigned DEFAULT NULL,
  `product_id` varchar(10) COLLATE utf8mb4_unicode_ci NOT NULL,
  `deleted_at` timestamp NULL DEFAULT NULL,
  `created_at` timestamp NULL DEFAULT NULL,
  `updated_at` timestamp NULL DEFAULT NULL,
  PRIMARY KEY (`id`),
  KEY `carts_user_id_foreign` (`user_id`),
  KEY `carts_product_id_foreign` (`product_id`),
  CONSTRAINT `carts_product_id_foreign` FOREIGN KEY (`product_id`) REFERENCES `products` (`product_id`) ON DELETE RESTRICT ON UPDATE CASCADE,
  CONSTRAINT `carts_user_id_foreign` FOREIGN KEY (`user_id`) REFERENCES `users` (`id`) ON DELETE RESTRICT ON UPDATE CASCADE
) ENGINE=InnoDB AUTO_INCREMENT=109 DEFAULT CHARSET=utf8mb4 COLLATE=utf8mb4_unicode_ci;
/*!40101 SET character_set_client = @saved_cs_client */;

--
-- Dumping data for table `carts`
--

LOCK TABLES `carts` WRITE;
/*!40000 ALTER TABLE `carts` DISABLE KEYS */;
INSERT INTO `carts` VALUES (47,1,3,'POF01001',NULL,'2023-05-05 08:22:35','2023-05-05 08:22:35'),(48,2,3,'POF01002',NULL,'2023-05-05 08:22:37','2023-05-05 08:22:39'),(56,1,NULL,'POF01001',NULL,'2023-05-11 08:10:09','2023-05-12 06:51:10'),(57,3,NULL,'POF01002',NULL,'2023-05-11 21:08:38','2023-05-11 21:08:43');
/*!40000 ALTER TABLE `carts` ENABLE KEYS */;
UNLOCK TABLES;

--
-- Table structure for table `order_details`
--

DROP TABLE IF EXISTS `order_details`;
/*!40101 SET @saved_cs_client     = @@character_set_client */;
/*!50503 SET character_set_client = utf8mb4 */;
CREATE TABLE `order_details` (
  `order_id` bigint unsigned NOT NULL,
  `product_id` varchar(10) COLLATE utf8mb4_unicode_ci NOT NULL,
  `price` decimal(8,2) NOT NULL COMMENT 'product[price-discount]',
  `quantity` int NOT NULL,
  `deleted_at` timestamp NULL DEFAULT NULL,
  `created_at` timestamp NULL DEFAULT NULL,
  `updated_at` timestamp NULL DEFAULT NULL,
  PRIMARY KEY (`order_id`,`product_id`),
  KEY `order_detail_product_id_FK` (`product_id`),
  CONSTRAINT `order_detail_product_id_FK` FOREIGN KEY (`product_id`) REFERENCES `products` (`product_id`) ON DELETE RESTRICT ON UPDATE CASCADE,
  CONSTRAINT `order_details_order_id_foreign` FOREIGN KEY (`order_id`) REFERENCES `orders` (`id`) ON DELETE RESTRICT ON UPDATE CASCADE
) ENGINE=InnoDB DEFAULT CHARSET=utf8mb4 COLLATE=utf8mb4_unicode_ci;
/*!40101 SET character_set_client = @saved_cs_client */;

--
-- Dumping data for table `order_details`
--

LOCK TABLES `order_details` WRITE;
/*!40000 ALTER TABLE `order_details` DISABLE KEYS */;
INSERT INTO `order_details` VALUES (12,'POF01003',200.00,1,NULL,NULL,NULL),(13,'POF01001',210.87,2,NULL,NULL,NULL),(14,'POF01001',210.87,2,NULL,NULL,NULL),(14,'POF01002',434.35,1,NULL,NULL,NULL),(15,'POF01001',210.87,1,NULL,NULL,NULL),(17,'POF01003',200.00,2,NULL,NULL,NULL),(18,'POF01001',210.87,1,NULL,NULL,NULL),(50,'POF02001',132.17,1,NULL,NULL,NULL),(51,'POF01001',210.87,1,NULL,NULL,NULL);
/*!40000 ALTER TABLE `order_details` ENABLE KEYS */;
UNLOCK TABLES;

--
-- Table structure for table `reviews`
--

DROP TABLE IF EXISTS `reviews`;
/*!40101 SET @saved_cs_client     = @@character_set_client */;
/*!50503 SET character_set_client = utf8mb4 */;
CREATE TABLE `reviews` (
  `id` bigint unsigned NOT NULL AUTO_INCREMENT,
  `content` longtext COLLATE utf8mb4_unicode_ci,
  `rating` int DEFAULT NULL,
  `user_id` bigint unsigned NOT NULL,
  `product_id` varchar(10) COLLATE utf8mb4_unicode_ci NOT NULL,
  `created_at` timestamp NULL DEFAULT NULL,
  `updated_at` timestamp NULL DEFAULT NULL,
  PRIMARY KEY (`id`),
  KEY `reviews_user_id_foreign` (`user_id`),
  KEY `reviews_product_id_FK` (`product_id`),
  CONSTRAINT `reviews_product_id_FK` FOREIGN KEY (`product_id`) REFERENCES `products` (`product_id`) ON DELETE RESTRICT ON UPDATE CASCADE,
  CONSTRAINT `reviews_user_id_foreign` FOREIGN KEY (`user_id`) REFERENCES `users` (`id`) ON DELETE RESTRICT ON UPDATE CASCADE
) ENGINE=InnoDB AUTO_INCREMENT=18 DEFAULT CHARSET=utf8mb4 COLLATE=utf8mb4_unicode_ci;
/*!40101 SET character_set_client = @saved_cs_client */;

--
-- Dumping data for table `reviews`
--

LOCK TABLES `reviews` WRITE;
/*!40000 ALTER TABLE `reviews` DISABLE KEYS */;
INSERT INTO `reviews` VALUES (1,'Good, quick, friendly',5,2,'POF01001','2023-05-08 09:48:06','2023-05-10 23:38:57'),(2,'Alo',5,6,'POF01001','2023-05-10 23:51:35','2023-05-11 00:02:17'),(3,'good',5,2,'POF01004','2023-05-11 19:09:34','2023-05-11 19:09:34'),(4,'good',3,2,'POF01004','2023-05-11 19:09:38','2023-05-11 19:09:38'),(5,'Good',5,6,'POF01002','2023-05-14 08:12:09','2023-05-14 08:12:09'),(6,'Good',5,6,'POF01002','2023-05-14 08:14:45','2023-05-14 08:14:45'),(7,'OK good',4,6,'POF01002','2023-05-14 08:18:00','2023-05-14 08:18:00'),(8,'haiz',3,6,'POF01001','2023-05-14 08:26:13','2023-05-14 08:26:13'),(9,'call',4,2,'POF01004','2023-05-14 11:16:25','2023-05-14 11:16:25'),(11,'Good, quickly!',4,2,'POF01006','2023-05-14 21:45:45','2023-05-14 21:45:45'),(12,'So good',4,11,'POF01003','2023-05-19 06:18:10','2023-05-19 06:18:10'),(16,'Heelo',5,11,'POF01003','2023-05-19 06:59:04','2023-05-19 06:59:04');
/*!40000 ALTER TABLE `reviews` ENABLE KEYS */;
UNLOCK TABLES;

--
-- Table structure for table `orders`
--

DROP TABLE IF EXISTS `orders`;
/*!40101 SET @saved_cs_client     = @@character_set_client */;
/*!50503 SET character_set_client = utf8mb4 */;
CREATE TABLE `orders` (
  `id` bigint unsigned NOT NULL AUTO_INCREMENT,
  `order_date` datetime NOT NULL DEFAULT '2023-04-27 03:53:46',
  `receiver_name` varchar(30) COLLATE utf8mb4_unicode_ci NOT NULL,
  `receiver_phone` varchar(15) COLLATE utf8mb4_unicode_ci NOT NULL,
  `shipping_address` varchar(50) CHARACTER SET utf8mb4 COLLATE utf8mb4_unicode_ci DEFAULT NULL,
  `shipping_district` varchar(30) CHARACTER SET utf8mb4 COLLATE utf8mb4_unicode_ci DEFAULT NULL,
  `shipping_city` varchar(30) CHARACTER SET utf8mb4 COLLATE utf8mb4_unicode_ci DEFAULT NULL,
  `shipping_fee` decimal(8,2) DEFAULT NULL,
  `payment_method` tinyint NOT NULL DEFAULT '1' COMMENT '0:COD, 1: bank',
  `note` text COLLATE utf8mb4_unicode_ci,
  `status` tinyint DEFAULT '1',
  `approved_by` varchar(255) COLLATE utf8mb4_unicode_ci DEFAULT NULL,
  `user_id` bigint unsigned NOT NULL,
  `coupon_id` bigint unsigned DEFAULT NULL,
  `deleted_at` timestamp NULL DEFAULT NULL,
  `created_at` timestamp NULL DEFAULT NULL,
  `updated_at` timestamp NULL DEFAULT NULL,
  `payment_status` tinyint DEFAULT '1',
  PRIMARY KEY (`id`),
  KEY `orders_user_id_foreign` (`user_id`),
  KEY `orders_coupon_id_foreign` (`coupon_id`),
  CONSTRAINT `orders_coupon_id_foreign` FOREIGN KEY (`coupon_id`) REFERENCES `coupons` (`id`),
  CONSTRAINT `orders_user_id_foreign` FOREIGN KEY (`user_id`) REFERENCES `users` (`id`) ON DELETE RESTRICT ON UPDATE RESTRICT
) ENGINE=InnoDB AUTO_INCREMENT=52 DEFAULT CHARSET=utf8mb4 COLLATE=utf8mb4_unicode_ci;
/*!40101 SET character_set_client = @saved_cs_client */;

--
-- Dumping data for table `orders`
--

LOCK TABLES `orders` WRITE;
/*!40000 ALTER TABLE `orders` DISABLE KEYS */;
INSERT INTO `orders` VALUES (12,'2023-05-08 01:10:18','thach nguyen long vinh','0123456789','123','Ba Dinh District','Ha Noi City',8.00,2,' (The customer has coupon KM025)',5,NULL,2,1,NULL,'2023-05-07 18:10:18','2023-05-19 11:13:32',2),(13,'2023-05-08 01:34:19','thach nguyen long vinh','0123456789','123','Ba Dinh District','Ha Noi City',0.00,1,'abc',5,NULL,2,NULL,NULL,'2023-05-07 18:34:19','2023-05-19 11:14:14',2),(14,'2023-05-08 01:52:27','thach nguyen long vinh','0123456789','123','Thu Duc City','Ho Chi Minh City',0.00,1,'cnfhhava',4,NULL,2,NULL,NULL,'2023-05-07 18:52:27','2023-05-18 22:31:41',1),(15,'2023-05-09 02:21:02','thach nguyen long vinh','0123456789','aa','Ben Luc District','Long An Province',21.00,1,'ga',2,NULL,2,NULL,NULL,'2023-05-08 19:21:02','2023-05-08 19:21:02',1),(17,'2023-05-15 16:56:15','Vinh Thach Nguyen Long','0123456789','Long An','Cao Lanh District','Dong Thap Province',0.00,1,' (The customer has coupon KM025)',2,NULL,2,NULL,NULL,'2023-05-15 09:56:15','2023-05-15 09:56:15',1),(18,'2023-05-15 16:57:28','Vinh Thach Nguyen Long','0123456789','Xuan Khanh','Ninh Kieu District','Can Tho City',21.00,1,' (The customer has coupon Km025)',2,NULL,2,NULL,NULL,'2023-05-15 09:57:28','2023-05-15 09:57:28',1),(50,'2023-05-20 00:48:14','HUNTER@GMAIL.COM','0999999999','Long An','Long Ho District','Vinh Long Province',5.00,1,NULL,6,NULL,11,NULL,NULL,'2023-05-19 17:48:14','2023-05-19 17:50:30',1),(51,'2023-05-20 01:00:03','HUNTER@GMAIL.COM','0999999999','Long An','Ninh Kieu District','Can Tho City',5.00,1,NULL,2,NULL,11,NULL,NULL,'2023-05-19 18:00:03','2023-05-19 18:00:06',1);
/*!40000 ALTER TABLE `orders` ENABLE KEYS */;
UNLOCK TABLES;

--
-- Table structure for table `coupons`
--

DROP TABLE IF EXISTS `coupons`;
/*!40101 SET @saved_cs_client     = @@character_set_client */;
/*!50503 SET character_set_client = utf8mb4 */;
CREATE TABLE `coupons` (
  `id` bigint unsigned NOT NULL AUTO_INCREMENT,
  `code` varchar(255) COLLATE utf8mb4_unicode_ci NOT NULL,
  `value` int NOT NULL,
  `status` tinyint NOT NULL DEFAULT '1' COMMENT '0=cancel, 1=active',
  `times` int DEFAULT NULL,
  `value_order` int DEFAULT NULL,
  `created_at` timestamp NULL DEFAULT NULL,
  `updated_at` timestamp NULL DEFAULT NULL,
  PRIMARY KEY (`id`)
) ENGINE=InnoDB AUTO_INCREMENT=8 DEFAULT CHARSET=utf8mb4 COLLATE=utf8mb4_unicode_ci;
/*!40101 SET character_set_client = @saved_cs_client */;

--
-- Dumping data for table `coupons`
--

LOCK TABLES `coupons` WRITE;
/*!40000 ALTER TABLE `coupons` DISABLE KEYS */;
INSERT INTO `coupons` VALUES (1,'KM025',25,1,5,100,'2023-04-27 17:00:00','2023-04-27 21:09:55'),(2,'KM050',50,1,5,500,'2023-04-27 20:26:53','2023-04-27 20:26:53'),(3,'KM100',100,1,5,2000,'2023-04-27 20:36:51','2023-04-27 20:36:51'),(7,'KM005',5,1,5,50,'2023-05-18 22:15:11','2023-05-18 22:15:11');
/*!40000 ALTER TABLE `coupons` ENABLE KEYS */;
UNLOCK TABLES;

--
-- Table structure for table `personal_access_tokens`
--

DROP TABLE IF EXISTS `personal_access_tokens`;
/*!40101 SET @saved_cs_client     = @@character_set_client */;
/*!50503 SET character_set_client = utf8mb4 */;
CREATE TABLE `personal_access_tokens` (
  `id` bigint unsigned NOT NULL AUTO_INCREMENT,
  `tokenable_type` varchar(255) COLLATE utf8mb4_unicode_ci NOT NULL,
  `tokenable_id` bigint unsigned NOT NULL,
  `name` varchar(255) COLLATE utf8mb4_unicode_ci NOT NULL,
  `token` varchar(64) COLLATE utf8mb4_unicode_ci NOT NULL,
  `abilities` text COLLATE utf8mb4_unicode_ci,
  `last_used_at` timestamp NULL DEFAULT NULL,
  `expires_at` timestamp NULL DEFAULT NULL,
  `created_at` timestamp NULL DEFAULT NULL,
  `updated_at` timestamp NULL DEFAULT NULL,
  PRIMARY KEY (`id`),
  UNIQUE KEY `personal_access_tokens_token_unique` (`token`),
  KEY `personal_access_tokens_tokenable_type_tokenable_id_index` (`tokenable_type`,`tokenable_id`)
) ENGINE=InnoDB DEFAULT CHARSET=utf8mb4 COLLATE=utf8mb4_unicode_ci;
/*!40101 SET character_set_client = @saved_cs_client */;

--
-- Dumping data for table `personal_access_tokens`
--

LOCK TABLES `personal_access_tokens` WRITE;
/*!40000 ALTER TABLE `personal_access_tokens` DISABLE KEYS */;
/*!40000 ALTER TABLE `personal_access_tokens` ENABLE KEYS */;
UNLOCK TABLES;

--
-- Table structure for table `failed_jobs`
--

DROP TABLE IF EXISTS `failed_jobs`;
/*!40101 SET @saved_cs_client     = @@character_set_client */;
/*!50503 SET character_set_client = utf8mb4 */;
CREATE TABLE `failed_jobs` (
  `id` bigint unsigned NOT NULL AUTO_INCREMENT,
  `uuid` varchar(255) COLLATE utf8mb4_unicode_ci NOT NULL,
  `connection` text COLLATE utf8mb4_unicode_ci NOT NULL,
  `queue` text COLLATE utf8mb4_unicode_ci NOT NULL,
  `payload` longtext COLLATE utf8mb4_unicode_ci NOT NULL,
  `exception` longtext COLLATE utf8mb4_unicode_ci NOT NULL,
  `failed_at` timestamp NOT NULL DEFAULT CURRENT_TIMESTAMP,
  PRIMARY KEY (`id`),
  UNIQUE KEY `failed_jobs_uuid_unique` (`uuid`)
) ENGINE=InnoDB DEFAULT CHARSET=utf8mb4 COLLATE=utf8mb4_unicode_ci;
/*!40101 SET character_set_client = @saved_cs_client */;

--
-- Dumping data for table `failed_jobs`
--

LOCK TABLES `failed_jobs` WRITE;
/*!40000 ALTER TABLE `failed_jobs` DISABLE KEYS */;
/*!40000 ALTER TABLE `failed_jobs` ENABLE KEYS */;
UNLOCK TABLES;

--
-- Table structure for table `password_reset_tokens`
--

DROP TABLE IF EXISTS `password_reset_tokens`;
/*!40101 SET @saved_cs_client     = @@character_set_client */;
/*!50503 SET character_set_client = utf8mb4 */;
CREATE TABLE `password_reset_tokens` (
  `email` varchar(255) COLLATE utf8mb4_unicode_ci NOT NULL,
  `token` varchar(255) COLLATE utf8mb4_unicode_ci NOT NULL,
  `created_at` timestamp NULL DEFAULT NULL,
  PRIMARY KEY (`email`)
) ENGINE=InnoDB DEFAULT CHARSET=utf8mb4 COLLATE=utf8mb4_unicode_ci;
/*!40101 SET character_set_client = @saved_cs_client */;

--
-- Dumping data for table `password_reset_tokens`
--

LOCK TABLES `password_reset_tokens` WRITE;
/*!40000 ALTER TABLE `password_reset_tokens` DISABLE KEYS */;
/*!40000 ALTER TABLE `password_reset_tokens` ENABLE KEYS */;
UNLOCK TABLES;

--
-- Table structure for table `visitors`
--

DROP TABLE IF EXISTS `visitors`;
/*!40101 SET @saved_cs_client     = @@character_set_client */;
/*!50503 SET character_set_client = utf8mb4 */;
CREATE TABLE `visitors` (
  `hits` int NOT NULL DEFAULT '0',
  `ip` varchar(255) COLLATE utf8mb4_unicode_ci DEFAULT NULL,
  `date_visited` timestamp NULL DEFAULT CURRENT_TIMESTAMP,
  `user_id` bigint unsigned DEFAULT NULL,
  KEY `user_id_fk` (`user_id`),
  CONSTRAINT `user_id_fk` FOREIGN KEY (`user_id`) REFERENCES `users` (`id`) ON DELETE SET NULL ON UPDATE SET NULL
) ENGINE=InnoDB DEFAULT CHARSET=utf8mb4 COLLATE=utf8mb4_unicode_ci;
/*!40101 SET character_set_client = @saved_cs_client */;

--
-- Dumping data for table `visitors`
--

LOCK TABLES `visitors` WRITE;
/*!40000 ALTER TABLE `visitors` DISABLE KEYS */;
INSERT INTO `visitors` VALUES (1,'::1','2023-05-15 17:00:00',NULL),(2,'::1','2023-05-16 17:00:00',2),(11,'::1','2023-05-16 17:00:00',NULL),(16,'127.0.0.1','2023-05-17 17:00:00',NULL),(2,'::1','2023-05-17 17:00:00',2),(15,'::1','2023-05-17 17:00:00',NULL),(1,'::1','2023-05-17 17:00:00',1),(15,'::1','2023-05-18 17:00:00',NULL),(1,'::1','2023-05-18 17:00:00',2),(1,'::1','2023-05-18 17:00:00',11),(4,'127.0.0.1','2023-05-18 17:00:00',NULL),(1,'::1','2023-05-18 17:00:00',1),(7,'::1','2023-05-19 17:00:00',NULL);
/*!40000 ALTER TABLE `visitors` ENABLE KEYS */;
UNLOCK TABLES;

--
-- Table structure for table `categories`
--

DROP TABLE IF EXISTS `categories`;
/*!40101 SET @saved_cs_client     = @@character_set_client */;
/*!50503 SET character_set_client = utf8mb4 */;
CREATE TABLE `categories` (
  `category_id` varchar(10) COLLATE utf8mb4_unicode_ci NOT NULL,
  `category_name_1` varchar(100) COLLATE utf8mb4_unicode_ci NOT NULL,
  `category_name_2` varchar(100) COLLATE utf8mb4_unicode_ci NOT NULL,
  `category_slug` varchar(100) COLLATE utf8mb4_unicode_ci NOT NULL,
  `category_image` varchar(255) COLLATE utf8mb4_unicode_ci DEFAULT NULL,
  `category_intro` text COLLATE utf8mb4_unicode_ci,
  `deleted_at` timestamp NULL DEFAULT NULL,
  `created_at` timestamp NULL DEFAULT NULL,
  `updated_at` timestamp NULL DEFAULT NULL,
  PRIMARY KEY (`category_id`)
) ENGINE=InnoDB DEFAULT CHARSET=utf8mb4 COLLATE=utf8mb4_unicode_ci;
/*!40101 SET character_set_client = @saved_cs_client */;

--
-- Dumping data for table `categories`
--

LOCK TABLES `categories` WRITE;
/*!40000 ALTER TABLE `categories` DISABLE KEYS */;
INSERT INTO `categories` VALUES ('BF01','Bedroom furniture','Bed','bedroom-furniture','','',NULL,'2023-04-21 18:11:16','2023-04-21 18:11:16'),('BF02','Bedroom furniture','Wardrobe - clothes shelves','bedroom-furniture','','',NULL,'2023-04-21 18:11:34','2023-04-21 18:11:34'),('BF03','Bedroom furniture','Makeup table','bedroom-furniture','','',NULL,'2023-04-21 18:11:49','2023-04-21 18:11:49'),('BF04','Bedroom furniture','Combo bedroom','bedroom-furniture','','',NULL,'2023-04-21 18:12:04','2023-04-21 18:12:04'),('KF01','Kitchen-Dining furniture','Dining table','kitchen-dining-furniture','','',NULL,'2023-04-21 18:09:53','2023-04-21 18:09:53'),('KF02','Kitchen-Dining furniture','Dining chair','kitchen-dining-furniture','','',NULL,'2023-04-21 18:10:11','2023-04-21 18:10:11'),('KF03','Kitchen-Dining furniture','Dining table and chair set','kitchen-dining-furniture','','',NULL,'2023-04-21 18:10:28','2023-04-21 18:10:28'),('KF04','Kitchen-Dining furniture','Kitchen cabinets','kitchen-dining-furniture','','',NULL,'2023-04-21 18:10:43','2023-04-21 18:10:43'),('LF01','Living furniture','Sofa','living-furniture','','',NULL,'2023-04-21 18:05:38','2023-04-21 18:05:38'),('LF02','Living furniture','Sofa table','living-furniture','','',NULL,'2023-04-21 18:06:49','2023-04-21 18:06:49'),('LF03','Living furniture','TV Shelf','living-furniture','','',NULL,'2023-04-21 18:07:11','2023-04-21 18:07:11'),('LF04','Living furniture','Bookshelf-Decorative shelf','living-furniture','','',NULL,'2023-04-21 18:08:45','2023-04-21 18:08:45'),('LF05','Living furniture','Decorative cabinets','living-furniture','','',NULL,'2023-04-21 18:09:16','2023-04-21 18:09:16'),('LF06','Living furniture','Combo living room','living-furniture','','',NULL,'2023-04-21 18:09:34','2023-04-21 18:09:34'),('OF01','Office furniture','Desk Office','office-furniture','','',NULL,'2023-04-21 09:01:29','2023-04-21 09:01:29'),('OF02','Office furniture','Chair Office','office-furniture','','',NULL,'2023-04-21 09:01:55','2023-04-21 09:01:55'),('OF03','Office furniture','Cabinet-shelves Office','office-furniture','','',NULL,'2023-04-21 18:05:18','2023-04-21 18:05:18');
/*!40000 ALTER TABLE `categories` ENABLE KEYS */;
UNLOCK TABLES;

--
-- Table structure for table `wish_lists`
--

DROP TABLE IF EXISTS `wish_lists`;
/*!40101 SET @saved_cs_client     = @@character_set_client */;
/*!50503 SET character_set_client = utf8mb4 */;
CREATE TABLE `wish_lists` (
  `id` bigint unsigned NOT NULL AUTO_INCREMENT,
  `user_id` bigint unsigned DEFAULT NULL,
  `product_id` varchar(10) COLLATE utf8mb4_unicode_ci NOT NULL,
  `deleted_at` timestamp NULL DEFAULT NULL,
  `created_at` timestamp NULL DEFAULT NULL,
  `updated_at` timestamp NULL DEFAULT NULL,
  PRIMARY KEY (`id`),
  KEY `wish_lists_user_id_foreign` (`user_id`),
  KEY `wish_lists_product_id_foreign` (`product_id`),
  CONSTRAINT `wish_lists_product_id_foreign` FOREIGN KEY (`product_id`) REFERENCES `products` (`product_id`) ON DELETE RESTRICT ON UPDATE CASCADE,
  CONSTRAINT `wish_lists_user_id_foreign` FOREIGN KEY (`user_id`) REFERENCES `users` (`id`) ON DELETE RESTRICT ON UPDATE CASCADE
) ENGINE=InnoDB AUTO_INCREMENT=12 DEFAULT CHARSET=utf8mb4 COLLATE=utf8mb4_unicode_ci;
/*!40101 SET character_set_client = @saved_cs_client */;

--
-- Dumping data for table `wish_lists`
--

LOCK TABLES `wish_lists` WRITE;
/*!40000 ALTER TABLE `wish_lists` DISABLE KEYS */;
INSERT INTO `wish_lists` VALUES (6,2,'POF01006',NULL,'2023-05-12 09:55:15','2023-05-12 09:55:15'),(10,6,'POF01001',NULL,'2023-05-14 08:03:48','2023-05-14 08:03:48'),(11,6,'POF01002',NULL,'2023-05-14 08:11:17','2023-05-14 08:11:17');
/*!40000 ALTER TABLE `wish_lists` ENABLE KEYS */;
UNLOCK TABLES;

--
-- Table structure for table `users`
--

DROP TABLE IF EXISTS `users`;
/*!40101 SET @saved_cs_client     = @@character_set_client */;
/*!50503 SET character_set_client = utf8mb4 */;
CREATE TABLE `users` (
  `id` bigint unsigned NOT NULL AUTO_INCREMENT,
  `name` varchar(255) COLLATE utf8mb4_unicode_ci NOT NULL,
  `email` varchar(255) COLLATE utf8mb4_unicode_ci NOT NULL,
  `provider` varchar(255) COLLATE utf8mb4_unicode_ci DEFAULT 'form',
  `provider_id` varchar(255) COLLATE utf8mb4_unicode_ci DEFAULT NULL,
  `email_verified_at` timestamp NULL DEFAULT NULL,
  `password` varchar(255) COLLATE utf8mb4_unicode_ci NOT NULL,
  `phone` varchar(255) CHARACTER SET utf8mb4 COLLATE utf8mb4_unicode_ci DEFAULT NULL,
  `role` int DEFAULT NULL,
  `profile` json DEFAULT NULL,
  `status` tinyint NOT NULL DEFAULT '1' COMMENT '1 - Active',
  `remember_token` varchar(100) COLLATE utf8mb4_unicode_ci DEFAULT NULL,
  `created_at` timestamp NULL DEFAULT NULL,
  `updated_at` timestamp NULL DEFAULT NULL,
  `last_login_at` datetime DEFAULT '2023-05-16 17:04:10',
  PRIMARY KEY (`id`),
  UNIQUE KEY `users_email_unique` (`email`),
  UNIQUE KEY `users_phone_unique` (`phone`)
) ENGINE=InnoDB AUTO_INCREMENT=12 DEFAULT CHARSET=utf8mb4 COLLATE=utf8mb4_unicode_ci;
/*!40101 SET character_set_client = @saved_cs_client */;

--
-- Dumping data for table `users`
--

LOCK TABLES `users` WRITE;
/*!40000 ALTER TABLE `users` DISABLE KEYS */;
INSERT INTO `users` VALUES (1,'admin','admin@gmail.com','form',NULL,NULL,'$2y$10$tmD/CjxFmpuV6IteCe60vuf8etPe0QomTFdjSv1muEJLRcDOw/Dz.','1234567890',1,'{\"dob\": \"1994-03-25\", \"city\": \"Vinh Long Province\", \"ward\": \"Long An Commune\", \"avatar\": \"user1-128x128.jpg\", \"gender\": \"Male\", \"district\": \"Long Ho District\"}',1,'HBrouWTNXjCRCo5VmxNrpi6FsFgmp2Hzc78fKDYHcdOT6Ee8IzVznhVIbNih','2023-05-04 07:55:05','2023-05-04 07:55:05','2023-05-16 17:04:10'),(2,'Vinh Thach Nguyen Long','vinhlong505@gmail.com','google','108422004422386768142',NULL,'$2y$10$BP9ILh.TEv2R/cnEFC0rIOQqpTwe7K7zCzjR3Bn3N80cxtj3pRKxW','0123456789',2,'{\"avatar_link\": \"https://lh3.googleusercontent.com/a/AGNmyxadzsU3eowgxzCOhEk4ZhnbgFEqg52rgqJNzx0wsg=s96-c\"}',1,'wRm6O8qFzQ05qk9Gj320uaOvMRRgr3u9jh3FpURhSJthxvG6tRXdnGXJ7BDc','2023-05-04 07:55:05','2023-05-17 20:53:48','2023-05-18 03:53:48'),(3,'hunter','konoha2203@gmail.com','form',NULL,NULL,'$2y$10$XGcMuzMT0gUkQuuPmHnQsOChmRay8cJv5Lib/l.ORA29dCoRXY18i','01212121212',2,'{\"dob\": \"1994-03-25\", \"city\": \"Vinh Long Province\", \"ward\": \"Long An Commune\", \"avatar\": \"user1-128x128.jpg\", \"gender\": \"Male\", \"district\": \"Long Ho District\"}',1,NULL,'2023-05-05 08:20:33','2023-05-05 08:20:33','2023-05-16 17:04:10'),(4,'Hunter1402','thachnguyenlongvinh@gmail.com','form',NULL,NULL,'$2y$10$Z/mJETW7XgTq8wUFXRfOrObB8agNDmpfe71NH3W4txci7QnKhjEe6','0111111111',2,'{\"dob\": \"1994-03-25\", \"city\": \"Vinh Long Province\", \"ward\": \"Long An Commune\", \"avatar\": \"user1-128x128.jpg\", \"gender\": \"Male\", \"district\": \"Long Ho District\"}',1,NULL,'2023-05-05 18:58:37','2023-05-05 18:58:37','2023-05-16 17:04:10'),(6,'LONG VINH THACH NGUYEN','tnlongvinh@gmail.com','google','114214884559571142042',NULL,'$2y$10$.7kwjJwP.j2NYW4uUkFYDeWvqVtJxjU3nTQUKwgV9kfiRj7JgK2Pu',NULL,2,'{\"avatar_link\": \"https://lh3.googleusercontent.com/a/AGNmyxYpp_mtwu3COTIwllqsvKF2x-sGaNuoMA0aiHMnqw=s96-c\"}',1,NULL,'2023-05-10 03:21:06','2023-05-19 02:21:00','2023-05-19 09:21:00'),(10,'Fullhouse Team01','fullhouseteam01@gmail.com','form',NULL,NULL,'$2y$10$4V5oGvQL6NUUsB2PE74mxeA6RcI/0lOeJu5ytWtC0K1pCMJYU0E7W',NULL,2,'{\"avatar_link\": \"https://lh3.googleusercontent.com/a/AGNmyxadzsU3eowgxzCOhEk4ZhnbgFEqg52rgqJNzx0wsg=s96-c\"}',1,NULL,'2023-05-10 04:06:55','2023-05-10 04:25:02','2023-05-16 17:04:10'),(11,'HUNTER@GMAIL.COM','hunter@gmail.com','form',NULL,NULL,'$2y$10$Nm59QNI1wSjckG3qTUEHXe7cMAkg/eFSHDeG7dlizfyabv1JKp3fG','0999999999',2,NULL,1,NULL,'2023-05-19 04:38:15','2023-05-19 04:38:15','2023-05-19 11:38:15');
/*!40000 ALTER TABLE `users` ENABLE KEYS */;
UNLOCK TABLES;

--
-- Table structure for table `products`
--

DROP TABLE IF EXISTS `products`;
/*!40101 SET @saved_cs_client     = @@character_set_client */;
/*!50503 SET character_set_client = utf8mb4 */;
CREATE TABLE `products` (
  `product_id` varchar(10) COLLATE utf8mb4_unicode_ci NOT NULL,
  `product_name` varchar(100) COLLATE utf8mb4_unicode_ci NOT NULL,
  `product_slug` varchar(100) COLLATE utf8mb4_unicode_ci NOT NULL,
  `product_image` json DEFAULT NULL,
  `product_material` varchar(255) COLLATE utf8mb4_unicode_ci DEFAULT NULL,
  `product_color` varchar(255) COLLATE utf8mb4_unicode_ci DEFAULT NULL,
  `product_size` varchar(255) COLLATE utf8mb4_unicode_ci DEFAULT NULL,
  `product_description` longtext COLLATE utf8mb4_unicode_ci,
  `product_price` decimal(8,2) DEFAULT NULL,
  `discount` decimal(8,2) DEFAULT NULL,
  `product_quantity` int DEFAULT '0',
  `featured` tinyint DEFAULT NULL COMMENT '1: featured',
  `category_id` varchar(10) COLLATE utf8mb4_unicode_ci NOT NULL,
  `deleted_at` timestamp NULL DEFAULT NULL,
  `created_at` timestamp NULL DEFAULT NULL,
  `updated_at` timestamp NULL DEFAULT NULL,
  PRIMARY KEY (`product_id`),
  KEY `products_category_id_FK` (`category_id`),
  CONSTRAINT `products_category_id_FK` FOREIGN KEY (`category_id`) REFERENCES `categories` (`category_id`) ON DELETE RESTRICT ON UPDATE CASCADE
) ENGINE=InnoDB DEFAULT CHARSET=utf8mb4 COLLATE=utf8mb4_unicode_ci;
/*!40101 SET character_set_client = @saved_cs_client */;

--
-- Dumping data for table `products`
--

LOCK TABLES `products` WRITE;
/*!40000 ALTER TABLE `products` DISABLE KEYS */;
INSERT INTO `products` VALUES ('PBF01001','Natural wooden bed with assembled iron frame','natural-wooden-bed-with-assembled-iron-frame','[\"BF01_01_01giuong-ngu-gn68048-07.jpg\", \"BF01_01_02giuong-ngu-go-kung-sat-GN68048-02.jpg\", \"BF01_01_03giuong-ngu-go-kung-sat-GN68048-03.jpg\", \"BF01_01_04giuong-ngu-go-kung-sat-GN68048-04.jpg\", \"BF01_01_05giuong-ngu-go-kung-sat-GN68048-06.jpg\"]','17mm thick AA standard rubber wood with PU paint, powder-coated legs','Multi-colored wood. Iron frame painted white or black','120-140-160-180x200x70cm (30cm high)','Natural wood bed with assembled iron frame GN68048 is a combination of AA standard natural rubber wood that is treated and finished to be waterproof and anti-warping to ensure high durability. Combined with the rubber wood surface is a square iron frame and an iron box, the mounting mechanism is easy to disassemble, convenient to relocate when needed but still ensures good bearing capacity to help you rest assured when lying down. Beds manufactured by HomeOffice come in all standard sizes from 1m2 to 1m8 or you can order on request.',450.00,45.00,100,1,'BF01',NULL,'2023-05-18 13:58:10','2023-05-18 13:58:10'),('PBF01002','Ferro bed, rubber wood, iron frame, assembled','ferro-bed-rubber-wood-iron-frame-assembled','[\"BF01_02_01giuong-ngu-go-khung-sat-GN68031-kichthuoc.jpg\", \"BF01_02_02gn68031-giuong-ngu-go-cao-su-khung-sat-03.jpg\", \"BF01_02_03gn68031-giuong-ngu-go-cao-su-khung-sat-02.jpg\", \"BF01_02_04gn68031-giuong-ngu-go-cao-su-khung-sat-01.jpg\", \"BF01_02_05giuong-ngu-go-khung-sat-full-den-GN68031-01.jpg\"]','AA standard rubber wood, PU paint, powder-coated legs','many colors to choose from','120/140/160/180x200x70cm (30cm high bed)','Rubber wood bed with iron frame assembled GN68031 is a bed that is a harmonious combination of rubber wood and iron frame, youthful design suitable for modern river way. Export standard AA grade natural rubber wood, surface treated and finished PU waterproof and warping, high-grade powder-coated iron frame ensures product durability for a long time . The GN68031 bed   is aimed at simplicity but still enhances aesthetics, through meticulously refined lines to create a bed that not only brings quality for sleep but also can combine furniture. create a beautiful bedroom space.',405.00,60.00,100,1,'BF01',NULL,'2023-05-18 13:59:30','2023-05-18 13:59:30'),('PBF01003','Mony bed, rubber wood, assembled iron frame','mony-bed-rubber-wood-assembled-iron-frame','[\"BF01_03_01giuong-ngu-mony-go-khung-sat-GN68028-kichthuoc.png\", \"BF01_03_02gn68027-giuong-ngu-go-cao-khung-sat-03.jpg\", \"BF01_03_03gn68027-giuong-ngu-go-cao-khung-sat-04.jpg\", \"BF01_03_04GN68028-giuong-ngu-r03.jpg\", \"BF01_03_05GN68028-giuong-ngu-r02.jpg\"]','AA standard rubber wood, PU paint, powder-coated legs','many colors to choose from','120/140/160/180x200x80cm','Rubber wooden bed with iron frame assembled GN68028  with simple but convenient design for a complete sleep experience. The style of harmonious combination between iron frame and natural wood brings an impressive and modern design. into the bedroom. Moreover, the versatility of the GN68028  bed also makes it easy to move or rearrange your living space very simply.',510.00,76.00,100,1,'BF01',NULL,'2023-05-18 14:00:28','2023-05-18 14:00:28'),('PBF01004','SAMA rubber wood bed','sama-rubber-wood-bed','[\"BF01_04_01giuong-ngu-go-GN68024-kichthuoc.jpg\", \"BF01_04_02gn68024-giuong-ngu-go-cao-su-chan-sat-04.jpg\", \"BF01_04_03gn68024-giuong-ngu-go-cao-su-chan-sat-03.jpg\", \"BF01_04_04giuong-ngu-sama-01.jpg\", \"BF01_04_05giuong-ngu-sama-02.jpg\"]','AA standard rubber wood, PU paint','many colors to choose from','120/140/160/180x200x12cm','Exquisite modern rubber wood bed GN68024  with simple but convenient design helps to have a complete sleep experience. The material used to make the GN68024  bed we use includes export standard AA rubber wood, which has been processed through modern technology and is covered with waterproof PU paint to bring beautiful natural wood colors and textures. .',357.00,53.00,100,1,'BF01',NULL,'2023-05-18 14:01:30','2023-05-18 14:01:30'),('PBF01005','TARY bed, rubber wood, iron frame, assembled','tary-bed-rubber-wood-iron-frame-assembled','[\"BF01_05_01giuong-ngu-go-khung-sat-GN68021-kichthuoc.jpg\", \"BF01_05_02gn68021-giuong-ngu-kich-thuoc-1m4-01.jpg\", \"BF01_05_03gn68021-giuong-ngu-kich-thuoc-1m4-04.jpg\", \"BF01_05_04gn68021-giuong-ngu-kich-thuoc-1m4-03.jpg\", \"BF01_05_05giuonng-khung-sat-GN68021.jpeg\"]','AA standard rubber wood, PU paint, powder-coated legs','many colors to choose from','120x200x22cm - 140x200x22cm (bed height 22cm)','Rubber wooden bed with assembled iron frame GN68021  with AA standard rubber wood material with PU paint finish combined with a sturdy powder-coated assembled iron frame, bed style in Japanese style bed with covered height 22cm envelope combined with mattress brings a simple and beautiful bedroom bed.',456.00,22.00,100,1,'BF01',NULL,'2023-05-18 14:03:47','2023-05-18 14:03:47'),('PBF01006','JAPA bed, rubber wood, iron frame, assembled','japa-bed-rubber-wood-iron-frame-assembled','[\"BF01_06_01giuong-ngu-go-chan-sat-GN68025-kt.jpg\", \"BF01_06_02gn68025-giuong-ngu-go-cao-su-chan-sat-04.jpg\", \"BF01_06_03gn68025-giuong-ngu-go-cao-su-chan-sat-01.jpg\", \"BF01_06_04gn68025-giuong-ngu-go-cao-su-chan-sat-02.jpg\", \"BF01_06_05giuong-ngu-GN68025.jpeg\"]','AA standard rubber wood, PU paint. Iron frame assembled with anti-rust powder coating','many colors to choose from','120/140/160/180x200x24cm','Rubber wood bed combines exquisite modern iron frame GN68025  with simple but convenient design for a complete sleep experience. The materials used to make the GN68025  bed  we use include export standard AA rubber wood, which has been processed through modern technology and covered with waterproof PU paint to bring beautiful natural wood colors and textures. . The iron frame is manufactured with quality iron, 1.2mm thick with high stability, the iron surface is coated with anti-rust powder coating.',347.00,52.00,100,1,'BF01',NULL,'2023-05-18 14:05:00','2023-05-18 14:05:00'),('PBF01007','VEGA bed, rubber wood, iron frame, assembled','vega-bed-rubber-wood-iron-frame-assembled','[\"BF01_07_01giuong-ngu-go-khung-sat-GN68022-kichthuoc.jpg\", \"BF01_07_02gn68022-giuong-ngu-go-cao-su-chan-sat-04.jpg\", \"BF01_07_03gn68022-giuong-ngu-go-cao-su-chan-sat-03.jpg\", \"BF01_07_04gn68022-giuong-ngu-go-cao-su-chan-sat-02.jpg\", \"BF01_07_05giuong-ngu-vega-01.jpg\"]','AA standard rubber wood, PU paint, powder-coated legs','many colors to choose from','120/140/160/180x200x30cm','Rubber wooden bed with iron frame assembled GN68022  with simple but convenient design for a complete sleep experience. The style of harmonious combination between iron frame and natural wood brings an impressive and modern design. into the bedroom. Moreover, the versatility of the GN68022  bed also makes it easy to move or rearrange your living space very simply.',517.00,25.00,100,1,'BF01',NULL,'2023-05-18 14:06:10','2023-05-18 14:06:10'),('PBF01008','JAPA rubber bed 190x220cm','japa-rubber-bed-190x220cm','[\"BF01_08_01GN68018-giuong-ngu-japa-dimension.jpg\", \"BF01_08_02giuong-japa-go-5.jpg\", \"BF01_08_03giuong-japa-go-6.jpg\", \"BF01_08_04giuong-japa-go-7.jpg\", \"BF01_08_05giuong_japa-3.jpg\"]','AA standard rubber wood, PU paint','many colors to choose from','190x220x10.7cm','JAPA rubber wood bed 190x220cm GN68018  with 100% AA standard rubber wood material 17mm thick PU paint finished with 2 colors to choose from natural wood color or mop brown, Japanese-style low bed only 117mm from the top ground to the bed surface, modern assembly design is easy to assemble and move in combination with mattresses from 1.6x2m to 1.8x2m.',572.00,85.00,100,1,'BF01',NULL,'2023-05-18 14:07:26','2023-05-18 14:07:26'),('PBF01009','JAPA bed 160x200cm rubber wood with iron frame assembled','japa-bed-160x200cm-rubber-wood-with-iron-frame-assembled','[\"BF01_09_01Japa-1.jpg\", \"BF01_09_02Japa-2.jpg\", \"BF01_09_03Japa-3.jpg\", \"BF01_09_04giuong-ngu-1.jpg\", \"BF01_09_05giuong-ngu-2.jpg\"]','AA standard rubber wood, PU paint, powder-coated legs','many colors to choose from','160x200x24cm','JAPA bed 160x200cm rubber wood with assembled iron frame GN68016 with AA standard rubber wood material, PU paint finished, combined with a sturdy powder-coated assembled iron frame, bed style Japanese style bed with dimension 24cm high cover combined with a thin mattress or a thick mattress measuring 160x200cm for a simple and beautiful bedroom bed.',594.00,89.00,100,1,'BF01',NULL,'2023-05-18 14:08:20','2023-05-18 14:08:20'),('PBF02001','Iron frame corner shelf','iron-frame-corner-shelf','[\"BF02_01_01gia-treo-do-goc-tuong-kpt68033-05.jpg\", \"BF02_01_02gia-treo-do-goc-tuong-kpt68033-04.jpg\", \"BF02_01_03gia-treo-do-goc-tuong-kpt68033-03.jpg\", \"BF02_01_04gia-treo-do-goc-tuong-kpt68033-02.jpg\", \"BF02_01_05gia-treo-do-goc-tuong-kpt68033-01.jpg\"]','Iron frame. Stone face','Iron painted in many colors','45x45x170(cm)','KPT68033 iron frame corner shelf is designed to take advantage of the corner of the room to help optimize space. The main materials used are solidly machined iron bars that combine waterproof and durable stone. Besides, the shelf is also equipped with wheels to make it easy to move when needed. KPT68033 clothes rack  with modern design, high utility can be used in many different spaces.',195.00,0.00,100,1,'BF02',NULL,'2023-05-18 14:11:29','2023-05-18 14:11:29'),('PBF02002','stone-faced iron frame furniture rack','stone-faced-iron-frame-furniture-rack','[\"BF02_02_01ke-treo-do-di-dong-cao-cap-10.jpg\", \"BF02_02_02ke-treo-do-di-dong-cao-cap-11.jpg\", \"BF02_02_03ke-treo-do-di-dong-cao-cap-12.jpg\", \"BF02_02_04ke-treo-do-di-dong-cao-cap-1.jpg\", \"BF02_02_05ke-treo-do-di-dong-cao-cap-8.jpg\"]','Iron frame. Stone face','Iron painted in many colors','40x40x170cm','KPT68035 is a perfect combination of iron frame and stone surface to bring a product with a modern and beautiful design. Compact size 40cm wide and highly convenient when equipped with wheels suitable for use in many different spaces. Colorful powder-coated iron frame helps you get the right choice for your space.',185.00,18.00,100,1,'BF02',NULL,'2023-05-18 14:12:34','2023-05-18 14:12:34'),('PBF02003','Powder-coated iron frame rack with artificial stone base','powder-coated-iron-frame-rack-with-artificial-stone-base','[\"BF02_03_01gia-treo-do-bang-sat-5.jpg\", \"BF02_03_02gia-treo-do-bang-sat-4.jpg\", \"BF02_03_03gia-treo-do-bang-sat-3.jpg\", \"BF02_03_04gia-treo-do-bang-sat-2.jpg\"]','Iron frame.','Iron frame painted in bronze or black','50x30x170(cm)','Iron frame shelf with basket KPT68015  belongs to the product line of racks, bathroom shelves with convenient and highly aesthetic design, so it is also used as a decoration for the bathroom space to be more beautiful and impressive. . Designed with 2 floors for storage, 1 convenient storage basket with an iron frame that can be painted in many different colors to suit all different spaces.',169.00,0.00,100,1,'BF02',NULL,'2023-05-18 14:14:20','2023-05-18 14:14:20'),('PBF02004','Powder-coated iron frame rack with artificial stone base','powder-coated-iron-frame-rack-with-artificial-stone-base','[\"BF02_04_01gia-treo-quan-ao-phong-tam-2.jpg\", \"BF02_04_02gia-treo-quan-ao-khung-sat-son-tinh-dien-1_(4).jpg\", \"BF02_04_03gia-treo-quan-ao-khung-sat-son-tinh-dien-1_(3).jpg\", \"BF02_04_04gia-treo-quan-ao-khung-sat-son-tinh-dien-1_(2).jpg\", \"BF02_04_05gia-treo-quan-ao-khung-sat-son-tinh-dien-1_(1).jpg\"]','Iron frame.','Iron frame painted in bronze or black.','50x30x170(cm)','Iron frame shelf with basket KPT68016  belongs to the shelf product line, bathroom shelf with convenient and highly aesthetic design should also be used as a decoration for the bathroom space to be more beautiful and impressive. . Designed with 2 floors for storage, 1 convenient storage basket with an iron frame that can be painted in many different colors to suit all different spaces.',179.00,0.00,100,1,'BF02',NULL,'2023-05-18 14:15:38','2023-05-18 14:15:38'),('PBF02005','natural wood plumbing clothes hanger','natural-wood-plumbing-clothes-hanger','[\"BF02_05_01ke-tu-treo-quan-ao-3.jpeg\", \"BF02_05_02ke-treo-do-ong-nuoc-KTD68004-06.jpg\", \"BF02_05_03ke-treo-do-ong-nuoc-KTD68004-01.jpg\", \"BF02_05_04ke-treo-do-ong-nuoc-KTD68004-04.jpg\", \"BF02_05_05ke-treo-do-ong-nuoc-KTD68004-05.jpg\"]','17mm thick AA standard rubber wood. Water pipes and iron boxes are sprayed with electrostatic paint.','Natural wood color or as required, black powder coated iron legs','130x120cm','KTD68004 natural wood plumbing clothes rack has a unique and convenient design with 2 parts: a water pipe clothes rack and a wooden shelf for storage. The 90cm long plumbing shelf helps to hang clothes neatly and neatly, and below is a wooden panel you can store shoes or frequently used items. On the right side is a wooden shelf divided into 4 floors to hold many items or display decorations. Besides, at the foot of the shelf, there is a lock with wheels to increase flexibility, making it easier to move.',242.00,16.00,100,1,'BF02',NULL,'2023-05-18 14:17:19','2023-05-18 14:17:19'),('PBF02006','Wardrobe Wardrobe with drawers rubber wood and iron frame','wardrobe-wardrobe-with-drawers-rubber-wood-and-iron-frame','[\"BF02_06_01ke-quan-ao-kqa68058-04a.jpg\", \"BF02_06_02tue-ke-quan-ao-KQA68058-2a.jpg\", \"BF02_06_03ke-quan-ao.jpg\", \"BF02_06_04tue-ke-quan-ao-KQA68058-4a.jpg\", \"BF02_06_05tue-ke-quan-ao-KQA68058-3a.jpg\"]','AA standard rubber wood, electrostatic iron frame','Natural wood color or as required, black painted iron','146x50x220(cm)','Wardrobe Shelves with drawers of rubber wood with iron frame KQA68058  is designed simply without opening doors in a minimalist style with superior AA standard rubber wood material, thickness of 17mm, Pu paint finished, combined with iron frame, processing box Powder Coating. The design consists of a simple hanging frame that combines floors with logically and intelligently divided drawers to maximize the use of electrical space.',599.00,101.00,100,1,'BF02',NULL,'2023-05-18 14:18:22','2023-05-18 14:18:22'),('PBF02007','Cabinets and wardrobes, rubber wood, iron frame,','cabinets-and-wardrobes-rubber-wood-iron-frame-','[\"BF02_07_01ke-quan-ao-KQA68059-05.jpg\", \"BF02_07_02ke-quan-ao-KQA68059-04.jpg\", \"BF02_07_03ke-quan-ao-KQA68059-03.jpg\", \"BF02_07_04ke-quan-ao-KQA68059-02.jpg\", \"BF02_07_05ke-quan-ao-KQA68059-01.jpg\"]','AA standard rubber wood, electrostatic iron frame','Natural wood color or as required, black painted iron','146x50x220(cm)','KQA68059  is a harmonious combination of natural wood materials and metal to bring exquisite products suitable for today\'s modern lifestyle. 17mm thick rubber wood is treated and finished for waterproofing, warping, and a durable high-quality powder-coated iron frame. The simple and modern design is not only suitable for family space but also favored by clothing shops and fashion stores.',480.00,33.00,100,1,'BF02',NULL,'2023-05-18 14:19:41','2023-05-18 14:19:41'),('PBF02008','Clothes hanger with wooden top with water pipe legs','clothes-hanger-with-wooden-top-with-water-pipe-legs','[\"BF02_08_01ke-ong-nuoc-mat-go-KTD68008-02.jpg\", \"BF02_08_02ke-ong-nuoc-mat-go-KTD68008-03.jpg\", \"BF02_08_03ke-ong-nuoc-mat-go-KTD68008-04.jpg\", \"BF02_08_04ke-ong-nuoc-mat-go-KTD68008-01.png\"]','17mm thick rubber wood. Non-iron pipe 27mm thick 2.5mm threaded and cast iron, cast iron flange','PU painted wood 5 colors. Black powder coated iron legs','120x45x180cm','Clothes hanger with wooden top with water pipe legs KTD68008',195.00,33.00,100,1,'BF02',NULL,'2023-05-18 14:20:49','2023-05-18 14:20:49'),('PBF02009','Modular wardrobe combined with decorative rubber wood shelves','modular-wardrobe-combined-with-decorative-rubber-wood-shelves','[\"BF02_09_01module-tu-quan-ao-TQA68041-kt-01.jpg\", \"BF02_09_02module-tu-quan-ao-TQA68041-03.jpg\", \"BF02_09_03tu-quan-ao-cua-lua-tqa68037-04_qt84-od.jpg\", \"BF02_09_04tu-quan-ao-ket-hop-ke-tqa68022-03_ok3b-ii.jpg\", \"BF02_09_05tu-quan-ao-TQA68041.jpeg\"]','17mm thick AA standard rubber wood','Mop brown wood, gray painted door (or can be painted on request)','130x60x200(cm)','The wardrobe module combined with decorative rubber wood shelves TQA68041 is a wardrobe system with a highly convenient design when combining single cabinets and shelves into a wardrobe module to make it easier for you to move. The main material used is 17mm thick AA standard natural rubber wood, which has been treated with water-repellent treatment and painted with beautiful textured PU paint. Wardrobe models with decorative shelves are being favored by many customers with the design of many open spaces to display or decorate with favorite items to create accents or express the personality of the owner of the room.',1083.00,75.00,100,1,'BF02',NULL,'2023-05-18 14:22:06','2023-05-18 14:22:06'),('PBF03001','Makeup table and chair set with tapered legs','makeup-table-and-chair-set-with-tapered-legs','[\"BF03_01_01bo-ban-ghe-trang-diem-BTD68052-01.jpg\", \"BF03_01_02bo-ban-ghe-trang-diem-BTD68052-03.jpg\", \"BF03_01_03bo-ban-ghe-trang-diem-BTD68052-05.jpg\", \"BF03_01_04bo-ban-ghe-trang-diem-BTD68052-06.jpg\", \"BF03_01_05bo-ban-ghe-trang-diem-BTD68052-02.jpg\"]',NULL,NULL,NULL,'BTD68052 taper makeup table and chair set  with full 3 items including table, chair and mirror on the table with 2 main colors black and white, easy to coordinate with most spaces with different concepts. The highlight of the dressing table set is the round mirror frame on the luxurious copper-gold mobile table, the small table size 40x100cm does not take up much space with 2 drawers to increase the storage capacity very convenient.',339.00,27.00,100,1,'BF03',NULL,'2023-05-18 14:24:21','2023-05-18 14:24:21'),('PBF03002','V-frame makeup table and chairs set in gold and copper','v-frame-makeup-table-and-chairs-set-in-gold-and-copper','[\"BF03_02_01bo-ban-ghe-trang-diem-BTD68053-01.jpg\", \"BF03_02_02bo-ban-ghe-trang-diem-BTD68053-02.jpg\", \"BF03_02_03bo-ban-ghe-trang-diem-BTD68053-04.jpg\", \"BF03_02_04bo-ban-ghe-trang-diem-BTD68053-05.jpg\", \"BF03_02_05bo-ban-ghe-trang-diem-BTD68053-06.jpg\"]',NULL,NULL,NULL,'BTD68053 gold frame makeup table and chair set  with full 3 items including table, chair and mirror on the table. White painted mdf wood table combined with luxurious copper-gold powder-coated iron legs, beautifully designed V-shaped stools, curled iron frame painted in bronze, and cushions provide comfort when sitting. This is a set of makeup tables and chairs that many women love and choose for their beauty corner.',335.00,26.00,100,1,'BF03',NULL,'2023-05-18 14:25:28','2023-05-18 14:25:28'),('PBF03003','Set of makeup table and chairs with bronze frame','set-of-makeup-table-and-chairs-with-bronze-frame','[\"BF03_03_01bo-ban-ghe-trang-diem-btd68051-01.jpg\", \"BF03_03_02ban-trang-diem-co-hoc-keo-btd68051-08.jpg\", \"BF03_03_03ban-trang-diem-co-hoc-keo-btd68051-010.jpg\", \"BF03_03_04ban-trang-diem-co-hoc-keo-btd68051-07.jpg\", \"BF03_03_05ban-trang-diem-co-hoc-keo-btd68051-06.jpg\"]',NULL,NULL,NULL,'Dressing table set BTD68051 with full 3 items including table, chair and mirror on the table with iron frame painted in luxurious bronze color, X-shaped chair with soft seat cushion, round mirror frame on the mobile table in bronze color, size Small table 40x100cm does not take up much space with 2 drawers to increase storage capacity very conveniently.',328.00,26.00,100,1,'BF03',NULL,'2023-05-18 14:29:21','2023-05-18 14:29:21'),('PBF03004','Dressing table with 2 drawers with iron legs','dressing-table-with-2-drawers-with-iron-legs','[\"BF03_04_01ban-trang-diem-2-hoc-keo-co-ghe-03.jpg\", \"BF03_04_02ban-trang-diem-btd68048-01.jpg\", \"BF03_04_03ban-trang-diem-btd68048-02.jpg\", \"BF03_04_04ban-trang-diem-2-hoc-keo-co-ghe-01.jpg\", \"BF03_04_05ban-trang-diem-2-hoc-keo-co-ghe-02.jpg\"]',NULL,NULL,NULL,'Dressing table 2 drawers pull iron legs BTD68048 simple table design with small edge design to prevent dropping things very effectively with 2 drawers to increase convenient storage, fixed soldering iron legs, so it is very solid. The product uses standard AA rubber wood, 17mm thick, with PU paint finish, so it is very durable, along with a comfortable seat with iron legs. The table model is suitable for any bedroom space with two main colors, White and Black, so it is easy to coordinate with the space.',324.00,26.00,100,1,'BF03',NULL,'2023-05-18 14:30:16','2023-05-18 14:30:16'),('PBF03005','Dressing table with cabinet legs','dressing-table-with-cabinet-legs','[\"BF03_05_01ban-trang-diem-mau-hong-co-tu-nhieu-ngan-1.jpg\", \"BF03_05_02ban-trang-diem-mau-trang-co-tu-nhieu-ngan-2.jpg\", \"BF03_05_03ban-trang-diem-mau-den-co-tu-nhieu-ngan-3.jpg\", \"BF03_05_04ban-trang-diem-go-tu-nhien-co-tu-nhieu-ngan-4.jpg\", \"BF03_05_05ban-trang-diem-co-tu-nhieu-ngan-5.jpg\"]',NULL,NULL,NULL,'Dressing table with cabinet legs BTD68013  with size 110x50x930cm covered with tassel, made from AA standard rubber wood material, waterproof PU paint, white painted drawer doors, combined with powder-coated iron legs white electric and wooden mirror frame, black painted door drawers create accents for the product. With a length of only 110cm, BTD68013 is very suitable for bedrooms with a small area.',605.00,48.00,100,1,'BF03',NULL,'2023-05-18 14:31:36','2023-05-18 14:31:36'),('PBF03006','Cockroach wing color rubber wood dressing table set','cockroach-wing-color-rubber-wood-dressing-table-set','[\"BF03_06_01bo-ban-ghe-trang-diem-ket-hop-tu-mau-canh-gian-01.jpg\", \"BF03_06_02bo-ban-ghe-trang-diem-ket-hop-tu-mau-canh-gian-04.jpg\", \"BF03_06_03bo-ban-ghe-trang-diem-ket-hop-tu-mau-canh-gian-03.jpg\", \"BF03_06_04bo-ban-ghe-trang-diem-ket-hop-tu-mau-canh-gian-02.jpg\"]',NULL,NULL,NULL,'BTD68039 cockroach wing color rubber wood dressing table set  is finished from AA standard high wood, the wood surface is treated with waterproof PU. Designed with many drawers and drawers to help you comfortably store items, the cabinet doors are painted white to create accents for the product. With a width of 75cm,  BTD68039  is suitable for bedrooms with a small area.',429.00,34.00,100,1,'BF03',NULL,'2023-05-18 14:32:30','2023-05-18 14:32:30'),('PBF03007','PRINCESS vanity set with bronze legs','princess-vanity-set-with-bronze-legs','[\"BF03_07_01ban-trang-diem-1.jpg\", \"BF03_07_02ban-trang-diem-2.jpg\", \"BF03_07_03ban-trang-diem-full-trang.jpg\", \"BF03_07_04ban-trang-diem-co-ngan-tu-den-05.jpg\", \"BF03_07_05ban-trang-diem-den-chan-vang-dong.jpg\"]',NULL,NULL,NULL,'PRINCESS dressing table set with bronze legs BTD68027  dressing table set includes a full set of tables, chairs and mirrors with black painted mdf wood table combined with gold powder coated iron legs, beautiful bow chair with bent iron frame painted copper gold with foam mattress combined with a mirror on the table.',341.00,27.00,100,1,'BF03',NULL,'2023-05-18 14:33:26','2023-05-18 14:33:26'),('PBF03008','X-shaped dressing table set','x-shaped-dressing-table-set','[\"BF03_08_01bantrangdiemx.jpg\", \"BF03_08_02bantrangdiemx1.jpg\"]',NULL,NULL,NULL,'X-shaped dressing table set BTD68025 with full 3 items including table, chair and mirror on table with iron frame 20x40mm box painted in luxurious copper color, X-shaped chair with soft velvet mattress, round mirror frame on color mobile table copper gold, small table size 40x100cm does not take up much space with 2 convenient drawers.',330.00,26.00,100,1,'BF03',NULL,'2023-05-18 14:34:34','2023-05-18 14:34:34'),('PBF03009','Dressing table and chair set with pink cushion','dressing-table-and-chair-set-with-pink-cushion','[\"BF03_09_01bo-ban-ghe-trang-diem-BTD68054-04.jpg\", \"BF03_09_02bo-ban-ghe-trang-diem-BTD68054-05.jpg\", \"BF03_09_03bo-ban-ghe-trang-diem-BTD68054-06.jpg\", \"BF03_09_04bo-ban-ghe-trang-diem-BTD68054-07.jpg\", \"BF03_09_05bo-ban-ghe-trang-diem-BTD68054-02.jpg\"]',NULL,NULL,NULL,'Makeup table and chair with pink cushion BTD68054  includes 3 full items: table and chair and round mirror. Dressing table with 2 drawers modern design with black painted mdf wood table, white door handles create accents combined with copper painted iron legs. Beautiful bow chair with iron frame, painted copper gold with foam mattress combined with a mirror on the table with a base, easy to move.',328.00,26.00,100,1,'BF03',NULL,'2023-05-18 14:36:04','2023-05-18 14:36:04'),('PBF04001','Combo Bedroom Furniture','combo-bedroom-furniture','[\"BF04_01_01combo-noi-that-phong-ngu-pn031-01.png\", \"BF04_01_02combo-noi-that-phong-ngu-pn031-02.jpeg\", \"BF04_01_03combo-noi-that-phong-ngu-pn031-03.jpeg\", \"BF04_01_04combo-noi-that-phong-ngu-pn031-04.jpeg\", \"BF04_01_05combo-noi-that-phong-ngu-pn031-05.jpeg\", \"BF04_01_06combo-noi-that-phong-ngu-pn031-06.jpeg\"]',NULL,NULL,NULL,'Combo Bedroom Furniture PN031 designed and manufactured by Homeoffice with a 140cm bed with a very sturdy and sturdy rubber wood iron frame with a rubber wood bedside shelf, a rubber wooden wardrobe with iron frames divided into many floors Reasonable, The products are designed in a minimalist style to meet the use, customers can change the color according to their preferences.',1715.00,120.00,100,1,'BF04',NULL,'2023-05-18 14:43:25','2023-05-18 14:43:25'),('PBF04002','Combo Bedroom Furniture','combo-bedroom-furniture','[\"BF04_02_01combo-phong-ngu-pn028-01.png\", \"BF04_02_02combo-phong-ngu-pn028-02.jpeg\", \"BF04_02_03combo-phong-ngu-pn028-03.jpeg\", \"BF04_02_04combo-phong-ngu-pn028-04.jpeg\", \"BF04_02_05combo-phong-ngu-pn028-05.jpeg\", \"BF04_02_06combo-phong-ngu-pn028-06.jpeg\"]',NULL,NULL,NULL,'Combo Bedroom Furniture PN028',2117.00,148.00,100,1,'BF04',NULL,'2023-05-18 14:44:47','2023-05-18 14:44:47'),('PBF04003','Combo Bedroom Furniture','combo-bedroom-furniture','[\"BF04_03_01combo-phong-ngu-pn030-01.jpg\", \"BF04_03_02combo-phong-ngu-pn030-02.jpeg\", \"BF04_03_03combo-phong-ngu-pn030-03.jpeg\", \"BF04_03_04combo-phong-ngu-pn030-04.jpeg\", \"BF04_03_05combo-phong-ngu-pn030-05.jpeg\"]',NULL,NULL,NULL,'Combo Bedroom Furniture PN030  product set with 140x200cm bed and wardrobe combined with beautiful hanging shelves, 3-piece dressing table set including table, mirror and chair with bedside shelf. The set can be used in a motel room or hotel with an average area. Products are designed and manufactured by Homeoffice, so customers can request to change the color to suit their preferences or the color of their room space.',1723.00,104.00,100,1,'BF04',NULL,'2023-05-18 14:47:21','2023-05-18 14:47:21'),('PBF04004','Combo Bedroom Furniture','combo-bedroom-furniture','[\"BF04_04_01combo-phong-ngu-pn025-01.png\"]',NULL,NULL,NULL,'Combo Bedroom Furniture PN025  large size product set for spacious bedroom with 1.6m bed for two people made from beautiful and sturdy 15mm thick Melaleuca wood, simple bedside shelf with wardrobe module 2m shirt large size for 2 people to use and a set of tables and chairs with drawers very convenient. Products are designed and manufactured by homeoffice, so they can be changed in color to suit your preferences and room space.',3100.00,211.00,100,1,'BF04',NULL,'2023-05-18 14:50:44','2023-05-18 14:50:44'),('PBF04005','Combo Bedroom Furniture','combo-bedroom-furniture','[\"BF04_05_01combo-phong-ngu-pn026-01.png\", \"BF04_05_02combo-phong-ngu-pn026-02.jpeg\", \"BF04_05_03tdg68029-tu-dau-giuong-go-cao-su-01.jpeg\", \"BF04_05_04combo-phong-ngu-pn026-07.jpeg\", \"BF04_05_05combo-phong-ngu-pn026-04.jpeg\", \"BF04_05_06combo-phong-ngu-pn026-08.jpeg\"]',NULL,NULL,NULL,'Combo Bedroom Furniture PN026 product set with 140x200cm bed along with a modular wardrobe that combines beautifully with shelves, a set of tables and chairs with white as the main color, exuding elegance. The set can be used in a family bedroom or a hotel with an average area. Products are designed and manufactured by Homeoffice, so customers can request to change the color to suit their preferences or the color of their room space.',2085.00,146.00,100,1,'BF04',NULL,'2023-05-18 14:53:13','2023-05-18 14:53:13'),('PBF04006','Combo Bedroom Furniture','combo-bedroom-furniture','[\"BF04_06_01combo-phong-ngu-pn027-001.png\", \"BF04_06_02combo-phong-ngu-pn027-02.jpeg\", \"BF04_06_03combo-phong-ngu-pn027-03.jpeg\", \"BF04_06_04combo-phong-ngu-pn027-04.jpeg\", \"BF04_06_05combo-phong-ngu-pn027-05.jpeg\"]',NULL,NULL,NULL,'Combo Bedroom Furniture PN027',1826.00,127.00,100,1,'BF04',NULL,'2023-05-18 14:54:17','2023-05-18 14:54:17'),('PBF04007','Combo Bedroom Furniture','combo-bedroom-furniture','[\"BF04_07_01combo-phong-ngu-pn024-01.png\", \"BF04_07_02combo-phong-ngu-pn024-02.jpeg\", \"BF04_07_03combo-phong-ngu-pn024-03.jpeg\", \"BF04_07_04combo-phong-ngu-pn024-04.jpeg\", \"BF04_07_05combo-phong-ngu-pn024-06.jpeg\", \"BF04_07_06combo-phong-ngu-pn024-07.jpeg\"]',NULL,NULL,NULL,'Combo Bedroom Furniture PN024  with simple and modern design 1.4m single bed for one person assembled iron frame system combined with beautiful rubber wood, convenient bedside cabinet, wall-mounted wardrobe system and desk and chair set. The bedroom combo set for one person designed and manufactured by Homeoffice is suitable for you to follow a minimalist lifestyle.',1101.00,72.00,100,1,'BF04',NULL,'2023-05-18 14:58:42','2023-05-18 14:58:42'),('PBF04008','Combo Bedroom Furniture','combo-bedroom-furniture','[\"BF04_08_01combo-phong-ngu-PN021-01.png\"]',NULL,NULL,NULL,'Combo Bedroom Furniture PN022 is a large product set for a spacious bedroom with a 1.6m bed for two people, a bedside shelf with convenient drawers with a wardrobe module of 1m4 just enough for 2 people to use. and a full set of dressing tables, chairs and mirrors. Products are designed and manufactured by homeoffice, so they can be changed in color to suit your preferences and room space.',2363.00,164.00,100,1,'BF04',NULL,'2023-05-18 14:59:38','2023-05-18 14:59:38'),('PBF04009','Combo Bedroom Furniture','combo-bedroom-furniture','[\"BF04_09_01combo-phong-ngu-pn023-01.png\", \"BF04_09_02combo-phong-ngu-pn023-02.jpeg\", \"BF04_09_03combo-phong-ngu-pn023-04.jpeg\", \"BF04_09_04combo-phong-ngu-pn023-03.jpeg\", \"BF04_09_05combo-phong-ngu-pn023-05.jpeg\"]',NULL,NULL,NULL,'Combo Bedroom Furniture PN023 designed and manufactured by Homeoffice with a 140cm bed with a very sturdy and sturdy rubber wood iron frame, a sliding door rubber wooden wardrobe with convenient shelves with a bedside shelf, besides a set of dressing tables and chairs or working tables and chairs in the bedroom. The products are designed in a minimalist style to meet the needs of use, customers can change the color according to their preferences.',2197.00,148.00,100,1,'BF04',NULL,'2023-05-18 15:00:35','2023-05-18 15:00:35'),('PKF01001','Royal round dining table with stone legs covered with leather','royal-round-dining-table-with-stone-legs-covered-with-leather','[\"KF01_01_01ban-an-tron-xoay-gak-T133-02.jpg\", \"KF01_01_02ban-an-tron-xoay-gak-T133-01.jpg\", \"KF01_01_03ban-an-tron-xoay-gak-T133-03.jpg\", \"KF01_01_04ban-an-tron-xoay-gak-T133-04.jpg\", \"KF01_01_05ban-an-tron-xoay-gak-T133-05.jpg\"]','Sintered stone table top, iron frame body covered with simili leather, gold-plated stainless steel base',NULL,'Large side 130cm, small side 80cm, height 73cm','Royal round dining table with stone legs covered with leather GAK-T133 is a dining table model suitable for luxurious spaces with high-class sintered stone countertops combined with iron legs covered with simili leather, luxurious gold-plated stainless steel legs to help lift the aesthetic value of the space containing the Royal round dining table. Large table size 130cm spacious, small table top 80cm diameter can be rotated conveniently, suitable for use as a large dining table in a large family or a turntable in restaurants and luxury eateries.',1450.00,51.00,100,1,'KF01',NULL,'2023-05-18 13:03:30','2023-05-18 13:03:30'),('PKF01002','Dining table 140cm imported gold-plated legs','dining-table-140cm-imported-gold-plated-legs','[\"KF01_02_01ban-an-chan-sat-ma-vang-1.jpg\", \"KF01_02_02ban-an-chan-sat-ma-vang-2.jpg\", \"KF01_02_03ban-an-chan-sat-ma-vang-3.jpg\", \"KF01_02_04ban-an-chan-sat-ma-vang-4.jpg\", \"KF01_02_05ban-an-chan-sat-ma-vang-5.jpg\"]','Galvanized iron plate, Melamine-coated Plywood table top','White, Gold','80x140x75cm','140cm dining table with imported gold-plated legs BA68021 small-sized dining table for 4 people with a simple, beautiful design but extremely sturdy with Hairpin 12mm legs with extremely luxurious copper plating, safe Suitable for Plywood table tops covered with anti-scratch Meliamine in white color, bronze color combined with white color and border of Plywood to create a very impressive product.',324.00,48.00,100,1,'KF01',NULL,'2023-05-18 13:04:38','2023-05-18 13:04:38'),('PKF01003','Round table 80cm natural wood with iron legs square base','round-table-80cm-natural-wood-with-iron-legs-square-base','[\"KF01_03_01ban-tron80cm-de-chan-vuong-BA68152-01.jpg\", \"KF01_03_02ban-tron80cm-de-chan-vuong-BA68152-02a.jpg\", \"KF01_03_03ban-tron80cm-de-chan-vuong-BA68152-03a.jpg\", \"KF01_03_04ban-tron80cm-de-chan-vuong-BA68152-04a.jpg\"]','Powder coated iron, 17mm thick AA standard rubber wood surface','Wooden table top natural color. Black painted iron legs','80x80x75cm','Round table 80cm natural wood with square base iron BA68152  has a simple design with round iron legs with square base combined with 80cm round table top, PU painted rubber wood with beautiful colors, suitable for small dining tables, reception tables. Guests for families or can decorate tables for cafes, restaurants, resorts...',145.00,7.00,100,1,'KF01',NULL,'2023-05-18 13:05:46','2023-05-18 13:05:46'),('PKF01004','Dining table 1m2 Melaleuca wood double iron legs','dining-table-1m2-melaleuca-wood-double-iron-legs','[\"KF01_04_01ban-go-tram-chan-sat-BA68147-01.jpg\", \"KF01_04_02ban-go-tram-chan-sat-BA68147-02.jpg\", \"KF01_04_03ban-go-tram-chan-sat-BA68147-03.jpg\", \"KF01_04_04ban-go-tram-chan-sat-BA68147-04.jpg\"]','25mm thick Melaleuca wood. Powder coated iron legs.','Table top color cockroach wings or natural wood color. Black painted iron legs','120x70x75cm','1m2 Melaleuca wood dining table with double iron legs BA68147  with AA standard 25mm Melaleuca wood table top with PU treatment finishing for a very beautiful product surface, absolute water resistance, very easy to clean. Combined with the wooden table top is a table leg with a very sturdy round 2-pin frame, the iron surface is covered with an anti-rust powder coating to ensure high durability and the paint is beautiful.',295.00,53.00,100,1,'KF01',NULL,'2023-05-18 13:07:03','2023-05-18 13:07:03'),('PKF01005','Round table of Melaleuca wood with antique iron legs','round-table-of-melaleuca-wood-with-antique-iron-legs','[\"KF01_05_01ban-tron-go-tram-BA68148-01.jpg\", \"KF01_05_02ban-tron-go-tram-BA68148-02.jpg\", \"KF01_05_03ban-tron-go-tram-BA68148-03.jpg\", \"KF01_05_04ban-tron-go-tram-BA68148-04.jpg\"]','25mm thick Melaleuca wood. Powder coated round iron','The table top is cockroach color or natural wood color. Black powder coated iron legs','diameter 1m or 1m2, height 75cm','Round table Melaleuca wood with antique iron legs BA68148 with a beautiful antique iron leg design combined with Melaleuca wood table top brings exquisite products suitable for many different spaces from compact dining tables or decor tables, regular coffee tables. Fit. The 25mm AA standard Melaleuca wood table top is finished with PU treatment for a very beautiful surface, absolutely waterproof, very easy to clean.',295.00,53.00,100,1,'KF01',NULL,'2023-05-18 13:08:12','2023-05-18 13:08:12'),('PKF01006','Plywood round table with antique iron legs','plywood-round-table-with-antique-iron-legs','[\"KF01_06_01ban-tron-go-plywood-ba68149-01.jpg\", \"KF01_06_02ban-tron-go-plywood-ba68149-02.jpg\", \"KF01_06_03ban-tron-go-plywood-ba68149-03.jpg\", \"KF01_06_04ban-tron-go-plywood-ba68149-04.jpg\", \"KF01_06_05ban-tron-go-plywood-ba68149-05.jpg\"]','18mm thick Plywood table top. Powder coated round iron','Surface coated with melamine imitation concrete color or as required. Black powder coated iron legs','diameter 1m or 1m2, height 75cm','Plywood round table with antique iron legs BA68149  with beautiful antique iron legs design combined with Plywood wood table top brings exquisite products suitable for many different spaces from compact dining tables or decor tables, regular coffee tables. Fit. The table top is made of Plywood with natural wood core, the melamine surface is treated with waterproofing and warping, and the melamine surface is covered in different colors so you can choose the right product for your space.',265.00,47.00,100,1,'KF01',NULL,'2023-05-18 13:09:14','2023-05-18 13:09:14'),('PKF01007','Dining table 1m2 Plywood wood double iron legs','dining-table-1m2-plywood-wood-double-iron-legs','[\"KF01_07_01ban-1m2-go-plywood-chan-doi-BA68146-01.jpg\", \"KF01_07_02ban-1m2-go-plywood-chan-doi-BA68146-02.jpg\", \"KF01_07_03ban-1m2-go-plywood-chan-doi-BA68146-03.jpg\", \"KF01_07_04ban-1m2-go-plywood-chan-doi-BA68146-04.jpg\", \"KF01_07_05ban-1m2-go-plywood-chan-doi-BA68146-05.jpg\"]','18mm thick Plywood table top. Powder coated iron legs.','The table top is covered with melamine imitation concrete color or as required. Black painted iron legs','120x70x75cm','1m2 Plywood dining table with double iron legs BA68146  with a table top using Plywood with natural wood core, melamine coated surface treated to be waterproof and warped, melamine coated wood surface in different colors to help you choose products suitable for your space. Combined with the wooden table top is a table leg with a very sturdy round 2-pin frame, the iron surface is covered with an anti-rust powder coating to ensure high durability and the paint is beautiful.',260.00,46.00,100,1,'KF01',NULL,'2023-05-18 13:10:14','2023-05-18 13:10:14'),('PKF01008','Round table Melaleuca wood with iron legs','round-table-melaleuca-wood-with-iron-legs','[\"KF01_08_01ban-tron-chan-sat-tron-ba68144-01.jpg\", \"KF01_08_02ban-tron-chan-sat-tron-ba68144-02.jpg\", \"KF01_08_03ban-tron-chan-sat-tron-ba68144-03.jpeg\", \"KF01_08_04ban-tron-chan-sat-tron-ba68144-04.jpg\", \"KF01_08_05ban-tron-chan-sat-tron-ba68144-05.jpg\"]','25mm thick Melaleuca wood. Powder coated round iron','The table top is cockroach color or natural wood color. Black powder coated iron legs','diameter 1m or 1m2, height 75cm','The round table of Melaleuca wood with round iron legs BA68144 is a table model with an extremely eye-catching design, the highlight is on the iron legs designed with the foot of the table being round iron bars interwoven in a unique winding circle. Combined with the iron table legs is a table made from 25mm AA standard Melaleuca wood, which is treated with PU finishing for a very beautiful product surface, absolutely waterproof, very easy to wipe when the table surface gets wet.',320.00,25.00,100,1,'KF01',NULL,'2023-05-18 13:11:15','2023-05-18 13:11:15'),('PKF01009','Round table 1m Melaleuca wood with round iron legs','round-table-1m-melaleuca-wood-with-round-iron-legs','[\"KF01_09_01ban-tron-chan-sat-tron-BA68145-01.jpg\", \"KF01_09_02ban-tron-chan-sat-tron-BA68145-02.jpg\", \"KF01_09_03ban-tron-chan-sat-tron-BA68145-03.jpg\", \"KF01_09_04ban-tron-chan-sat-tron-BA68145-04.jpg\"]','25mm thick Melaleuca wood. Powder coated round iron','The table top is cockroach color or natural wood color. Black powder coated iron legs','diameter 1m, height 75cm','Round table 1m Melaleuca wood with round iron legs BA68145 is a table model with an extremely eye-catching design, the highlight is on the iron legs designed with the foot of the table being round iron bars interwoven in a unique winding circle. Combined with the iron table legs is a table made from 25mm AA standard Melaleuca wood, which is treated with PU finishing for a very beautiful product surface, absolutely waterproof, very easy to wipe when the table surface gets wet.',275.00,22.00,100,1,'KF01',NULL,'2023-05-18 13:12:14','2023-05-18 13:12:14'),('PKF02001','High quality multi-color plastic chair','high-quality-multi-color-plastic-chair','[\"KF02_01_01ghe-cafe-nhua-nhieu-mau-3002-02.jpg\", \"KF02_01_02ghe-cafe-nhua-nhieu-mau-3002-03.jpg\", \"KF02_01_03ghe-cafe-nhua-nhieu-mau-3002-05.jpg\", \"KF02_01_04ghe-nhua-duc-st3002-cafe.jpg\", \"KF02_01_05ghe-cafe-nhua-nhieu-mau-3002-08.jpg\"]','High quality PP plastic.','Multicolor,','450x500x815mm','High quality multi-color plastic chair ST3002  is a product of the line of cafe chairs, dining chairs made from high-quality plastic possessing good bearing capacity and durability over time. With a simple, sophisticated design suitable for the space of townhouses and apartments with modern style. ST3002  chair  , in addition to two basic colors such as white and black, also has many other colors such as pink, blue... to help refresh the space with bright colors.',59.00,3.00,100,1,'KF02',NULL,'2023-05-18 13:15:24','2023-05-18 13:15:24'),('PKF02002','Coffee chair, Venus dining chair, wooden frame, fabric mattress','coffee-chair-venus-dining-chair-wooden-frame-fabric-mattress','[\"KF02_02_01ghe-nem-vai-khung-go-gcf138-01.jpg\", \"KF02_02_02ghe-nem-vai-khung-go-gcf138-02.jpg\", \"KF02_02_03ghe-nem-vai-khung-go-gcf138-03.jpg\", \"KF02_02_04ghe-nem-vai-khung-go-gcf138-04.jpg\", \"KF02_02_05ghe-nem-vai-khung-go-gcf138-05.jpg\"]','Rubber wood frame, fabric upholstery','Natural color wooden frame, blue mattress','450x430x750mm','Coffee chair, dining chair with wooden frame with GCF138 fabric mattress with the chair frame using high-strength and solid rubber wood, the wooden surface is covered with beautiful PU paint as well as limiting scratches during use. Soft backrest and seat cushion provide comfort when sitting, blue fabric upholstery brings freshness to the space. Venus GCF138 chair is the perfect choice for the space of cafe, milk tea, restaurant, ... or family dining table and chairs.',93.00,0.00,100,1,'KF02',NULL,'2023-05-18 13:16:51','2023-05-18 13:16:51'),('PKF02003','Coffee chair, dining chair KAI Ash wood frame','coffee-chair-dining-chair-kai-ash-wood-frame','[\"KF02_03_01ghe-khung-go-nem-simili-GCF139-03.jpg\", \"KF02_03_02ghe-khung-go-nem-simili-GCF139-02.jpg\", \"KF02_03_03ghe-khung-go-nem-simili-GCF139-01.jpg\", \"KF02_03_04ghe-khung-go-nem-simili-GCF139-04.jpg\", \"KF02_03_05ghe-khung-go-nem-simili-GCF139-05.jpg\"]','Ash wood frame, simili leather mattress','Natural wood grain frame, black mattress','450x470x780mm','KAI Ash GCF139 wood frame coffee and dining chair has a timeless design with an elegant and luxurious design that highlights the use space, so you can easily find this chair model at cafes and restaurants. important. The chair frame uses high-grade ash wood (also known as Ash wood), the natural wood grain stands out beautifully. The backrest and seat cushion are covered with simili leather which is comfortable to sit on and easy to clean when needed. In addition to being popularly used in high-end restaurant spaces, KAI GCF139 chairs are also used by many customers as home dining chairs.',109.00,0.00,100,1,'KF02',NULL,'2023-05-18 13:17:48','2023-05-18 13:17:48'),('PKF02004','Coffee chair, dining chair Thonet 811 wooden frame','coffee-chair-dining-chair-thonet-811-wooden-frame','[\"KF02_04_01ghe-thonet-khung-go-GCF140-01.jpg\", \"KF02_04_02ghe-thonet-khung-go-GCF140-02.jpg\"]','Simili-covered mattress, rubber wood frame and imitation rattan plastic net','Natural color wooden frame, gray-blue mattress.',NULL,'Coffee chair, dining chair Thonet 811 GCF140 wooden frame with beautiful lattice fake plastic backrest combined with natural rubber wood frame and bent legs to bring softness to the product. The new, novel gray-blue, upholstered simili seat cushion creates a highlight for the used space. Thonet 811 chair is suitable for many different spaces and uses from cafes, restaurants to luxury kitchen spaces.',129.00,0.00,100,1,'KF02',NULL,'2023-05-18 13:18:43','2023-05-18 13:18:43'),('PKF02005','Thonet 811 armless chair with Ash wood frame','thonet-811-armless-chair-with-ash-wood-frame','[\"KF02_05_01ghe-thonet-khung-go-ash-GCF141-01.jpg\", \"KF02_05_02ghe-thonet-khung-go-ash-GCF141-02.jpg\", \"KF02_05_03ghe-thonet-khung-go-ash-GCF141-03.jpg\"]','Mattress covered with simili, high-grade ash wood frame (Ash wood) and plastic mesh imitation rattan.','Dark wooden frame, gray mattress.','40x43x47-85cm','Thonet 811 armless chair with Ash wood frame GCF141  has a luxurious design with a chair frame using high-grade ash wood (also known as Ash wood), the chair frame is carefully processed, so it retains the beautiful wood grain as well as the beautiful wood grain. durable. High-quality faux rattan mesh backrest creates a highlight for the product, combined with high-quality simili-covered seat cushions to bring comfort and smoothness when sitting. The Thonet 811 armless chair GCF141 is suitable for many spaces from family houses to luxury cafes and restaurants.',175.00,0.00,100,1,'KF02',NULL,'2023-05-18 13:19:42','2023-05-18 13:19:42'),('PKF02006','High quality plastic Harmoor chair with many colors','high-quality-plastic-harmoor-chair-with-many-colors','[\"KF02_06_01ghe-nhua-hamoor-cao-cap-STGAI51-k.jpg\", \"KF02_06_02ghe-nhua-hamoor-cao-cap-STGAI51-c.jpg\", \"KF02_06_03ghe-nhua-hamoor-cao-cap-STGAI51-e.jpg\", \"KF02_06_04ghe-nhua-hamoor-cao-cap-STGAI51-h.jpg\", \"KF02_06_05ghe-nhua-hamoor-cao-cap-STGAI51-j.jpg\"]','High quality PP plastic','Multicolor.','46x46x81cm (seat height 45cm)','High quality multi-color plastic Harmoor chair STGAI51 modern design Italian standard is made entirely of molded plastic which is very sturdy and durable, The chair model is suitable for many cafe spaces, making dining chairs with many colors to choose from. High quality product, very sturdy and durable.',115.00,5.00,100,1,'KF02',NULL,'2023-05-18 13:20:43','2023-05-18 13:20:43'),('PKF02007','High quality plastic chair with iron legs Harmoor','high-quality-plastic-chair-with-iron-legs-harmoor','[\"KF02_07_01ghe-nhua-chan-sat-co-tay_Harmoor_STGAI21-e.jpg\", \"KF02_07_02ghe-nhua-chan-sat-co-tay_Harmoor_STGAI21-a.jpg\", \"KF02_07_03ghe-nhua-chan-sat-co-tay_Harmoor_STGAI21-h.jpg\", \"KF02_07_04ghe-nhua-chan-sat-co-tay_Harmoor_STGAI21-l.jpg\", \"KF02_07_05ghe-nhua-chan-sat-co-tay_Harmoor_STGAI21-d.jpg\"]','Back and seat PP plastic. Powder coated iron legs','Multicolor.','46x46x81cm (seat height 45cm)','High quality multi-colored plastic chair with iron legs Harmoor STGAI21 designed with arms for a more comfortable sitting feeling, durable colorful monolithic molded plastic frame, powder-coated iron frame is very sturdy. The chair model meets European standards and is very luxurious.',146.00,7.00,100,1,'KF02',NULL,'2023-05-18 13:21:46','2023-05-18 13:21:46'),('PKF02008','High quality multi-colored plastic chair with iron legs','high-quality-multi-colored-plastic-chair-with-iron-legs','[\"KF02_08_01ghe-nhua-nhieu-mau-chan-sat-cao-cap-stam21-h.jpg\", \"KF02_08_02ghe-nhua-nhieu-mau-chan-sat-cao-cap-stam21-k.jpg\", \"KF02_08_03ghe-nhua-nhieu-mau-chan-sat-cao-cap-stam21-f.jpg\", \"KF02_08_04ghe-nhua-nhieu-mau-chan-sat-cao-cap-stam21-d.jpg\", \"KF02_08_05ghe-nhua-nhieu-mau-chan-sat-cao-cap-stam21-a.jpg\"]','High quality PP plastic, iron legs','Multicolor.','52x52x45/81cm','Multi-color plastic chair with iron legs STAME11 high-class design with European standards with monolithic molded plastic material combined with powder-coated iron legs, High-quality plastic back with many colors to choose from. The chair model is suitable as a dining table chair, a cafe chair or an office chair, a chair for the seating area.',118.00,5.00,100,1,'KF02',NULL,'2023-05-18 13:22:58','2023-05-18 13:22:58'),('PKF02009','High quality multi-colored plastic chair with iron legs','high-quality-multi-colored-plastic-chair-with-iron-legs','[\"KF02_09_01ghe-nhua-cao-cap-nhieu-mau-chan-sat-STAME21a.jpg\", \"KF02_09_02ghe-nhua-cao-cap-nhieu-mau-chan-sat-STAME21c.jpg\", \"KF02_09_03ghe-nhua-cao-cap-nhieu-mau-chan-sat-STAME21e.jpg\", \"KF02_09_04ghe-nhua-cao-cap-nhieu-mau-chan-sat-STAME21h.jpg\", \"KF02_09_05ghe-nhua-cao-cap-nhieu-mau-chan-sat-STAME21l.jpg\"]','High quality PP plastic, iron legs','Multicolor.','52x52x45/81cm','High quality multi-colored plastic chair with iron legs STAME21 high-class design according to European standards with monolithic molded plastic material combined with powder-coated iron legs, High-quality plastic back with many colors to choose from. The chair model is suitable as a dining table chair, a cafe chair or an office chair, a chair for the seating area.',125.00,6.00,100,1,'KF02',NULL,'2023-05-18 13:23:59','2023-05-18 13:23:59'),('PKF03001','Set of round table and 4 chairs with mattress with iron frame','set-of-round-table-and-4-chairs-with-mattress-with-iron-frame','[\"KF03_01_01bo-ban-tron-4-ghe-nemcbba111-01.jpg\", \"KF03_01_02bo-ban-tron-4-ghe-nemcbba111-02.jpg\", \"KF03_01_03bo-ban-tron-4-ghe-nemcbba111-03.jpg\", \"KF03_01_04bo-ban-tron-4-ghe-nemcbba111-04.jpg\", \"KF03_01_05bo-ban-tron-4-ghe-nemcbba111-05.jpg\"]',NULL,NULL,NULL,'The CBBA111 round table and 4 iron frame chairs are a set of 1 round table with a diameter of 80cm and 4 unique moss green cushions that bring novelty to the space. Compact size, minimalist design can be used in many different spaces such as family dining tables and chairs, cafe tables and chairs or reception tables and chairs.',497.00,88.00,100,1,'KF03',NULL,'2023-05-18 13:26:57','2023-05-18 13:26:57'),('PKF03002','Rectangular table with 4 chairs for restaurant and cafe','rectangular-table-with-4-chairs-for-restaurant-and-cafe','[\"KF03_02_01bo-ban-4-ghe-a.jpg\", \"KF03_02_02bo-ban-4-ghe-g.jpg\", \"KF03_02_03bo-ban-4-ghe-f.jpg\", \"KF03_02_04bo-ban-4-ghe-e.jpg\", \"KF03_02_05bo-ban-4-ghe-d.jpg\"]',NULL,NULL,NULL,'CBCF243 is a combination of rectangular table with 2 legs, 120x60cm in size and 4 iron leg chairs with high-class Simili boc mattress, the product set is very suitable for restaurants and cafes. Or can be used as a dining table and chairs in other small spaces.',532.00,73.00,100,1,'KF03',NULL,'2023-05-18 13:28:03','2023-05-18 13:28:03'),('PKF03003','1m round dining table set and 4 CBBA110 . leather chairs','1m-round-dining-table-set-and-4-cbba110-leather-chairs','[\"KF03_03_01combo-ban-an-tron-4-ghe-CBBA110-01.jpeg\", \"KF03_03_02combo-ban-an-tron-4-ghe-CBBA110-02.jpeg\", \"KF03_03_03combo-ban-an-tron-4-ghe-CBBA110-03a.jpg\", \"KF03_03_04combo-ban-an-tron-4-ghe-CBBA110-04a.jpg\", \"KF03_03_05combo-ban-an-tron-4-ghe-CBBA110-05a.jpg\"]',NULL,NULL,NULL,'The 1m round dining table and 4 CBBA110 leather chairs are very suitable for small family spaces or apartments with a 1m diameter Melaleuca wood dining table combined with a very modern stylish iron leg. Along with that are 4 leather chairs with iron legs that bring luxury to the table and chairs. You can completely ask HomeOffice to change the color of the table or chair to suit your space.',631.00,32.00,100,1,'KF03',NULL,'2023-05-18 13:29:06','2023-05-18 13:29:06'),('PKF03004','Table and chair set with water pipe legs with Melaleuca wood surface','table-and-chair-set-with-water-pipe-legs-with-melaleuca-wood-surface','[\"KF03_04_01ban-ghe-bang-ong-nuoc-cbba109-01.jpg\", \"KF03_04_02ban-ghe-bang-ong-nuoc-cbba109-02.jpg\", \"KF03_04_03ban-ghe-bang-ong-nuoc-cbba109-03.jpg\", \"KF03_04_04ban-ghe-bang-ong-nuoc-cbba109-04.jpg\", \"KF03_04_05ban-ghe-bang-ong-nuoc-cbba109-05.jpg\"]',NULL,NULL,NULL,'CBBA109 Melaleuca wood table and chair set, dining table set includes benches and 2 stylish chairs of very unique plumbing furniture, luxurious melaleuca wood countertops, the product can be used indoors or out. Covered sky would be very suitable.',590.00,0.00,100,1,'KF03',NULL,'2023-05-18 13:30:17','2023-05-18 13:30:17'),('PKF03005','1m round dining table set of Melaleuca wood and 4 CBBA108 . cushioned chairs','1m-round-dining-table-set-of-melaleuca-wood-and-4-cbba108-cushioned-chairs','[\"KF03_05_01bo-an-ghe-an-CBBA108-01.jpg\", \"KF03_05_02bo-an-ghe-an-CBBA108-02.jpg\", \"KF03_05_03bo-an-ghe-an-CBBA108-03.jpg\"]',NULL,NULL,NULL,'The 1m round dining table set of Melaleuca wood and 4 CBBA108 mattress chairs  is a combo made from a round table with a diameter of 1m, 25mm thick Melaleuca wood with round iron legs and 4 chairs upholstered with simili iron legs. Simple design, compact size suitable for many spaces from office meeting tables to compact dining tables and chairs for families. The round table model is popular with many users because of its ability to save space, providing a comfortable and airy space.',607.00,88.00,100,1,'KF03',NULL,'2023-05-18 13:31:27','2023-05-18 13:31:27'),('PKF03006','Round dining table set and 4 simili chairs','round-dining-table-set-and-4-simili-chairs','[\"KF03_06_01bo-ban-an-4-nguoi-cbba106-01.jpg\", \"KF03_06_02bo-ban-an-4-nguoi-cbba106-02.jpg\", \"KF03_06_03bo-ban-an-4-nguoi-cbba106-03.jpg\"]',NULL,NULL,NULL,'The set of round dining table and 4 simili chairs CBBA106  is a combo made from a round table with a diameter of 1m, Plywood wood surface with rubber wood legs and 4 chairs with simili upholstered iron legs. The BA68132 round table model is favored by many users because of its unique and beautiful design that not only meets the function but also has the ability to save space for decoration to bring a comfortable and airy space.',586.00,37.00,100,1,'KF03',NULL,'2023-05-18 13:32:27','2023-05-18 13:32:27'),('PKF03007','1m round table set and 4 Collin CBBA107 . cushioned chairs','1m-round-table-set-and-4-collin-cbba107-cushioned-chairs','[\"KF03_07_01bo-ban-an-4-nguoi-cbba107-01.jpg\", \"KF03_07_02bo-ban-an-4-nguoi-cbba107-02.jpg\", \"KF03_07_03bo-ban-an-4-nguoi-cbba107-03.jpg\"]',NULL,NULL,NULL,'The set of 1m round table and 4 cushion chairs Collin CBBA107  includes 1 round table 1m wooden with iron legs and 4 beautiful orange cushion chairs. Compact size saves space,  CBBA131 dining table set  is definitely a great choice for small and medium-sized dining rooms. Combo products help you save much more than buying individually.',775.00,100.00,100,1,'KF03',NULL,'2023-05-18 13:35:52','2023-05-18 13:35:52'),('PKF03008','1m4 Plywood dining table set and 4 green cushioned chairs','1m4-plywood-dining-table-set-and-4-green-cushioned-chairs','[\"KF03_08_01combo-ban-ghe-CBBA102-02.jpg\", \"KF03_08_02combo-ban-ghe-CBBA102-01a.jpg\", \"KF03_08_03combo-ban-ghe-CBBA102-04.jpg\"]',NULL,NULL,NULL,'The 1m4 Plywood dining table set and 4 CBBA102 green upholstered chairs  is a combo made from a 140x80cm Plywood table with iron legs and 4 unique blue simili upholstered chairs. Simple design, compact size suitable for many spaces from office meeting tables to compact dining tables and chairs for families. Homeoffice combos help customers save much more than buying individual products.',617.00,88.00,100,1,'KF03',NULL,'2023-05-18 13:37:31','2023-05-18 13:37:31'),('PKF03009','Set of Dining Table with Stone Top 140x80cm and 4 Chairs with Mattress Simili','set-of-dining-table-with-stone-top-140x80cm-and-4-chairs-with-mattress-simili','[\"KF03_09_01combo-ban-ghe-CBBA103-01.jpg\", \"KF03_09_02combo-ban-ghe-CBBA103-02.jpg\", \"KF03_09_03combo-ban-ghe-CBBA103-03.jpg\"]',NULL,NULL,NULL,'The set of 140x80cm Stone Top Dining Table and 4 Mattress Chairs Simili CBBA103 is a small product set suitable for small apartment spaces or can be used in restaurants and bars with a combination of 1m4x80cm black stone dining table. iron legs and 4 dining chairs with iron legs and beautiful simili mattress. If you are looking for a dining table and chairs for 4 people, this will be an option worth considering.',741.00,42.00,100,1,'KF03',NULL,'2023-05-18 13:38:47','2023-05-18 13:38:47'),('PKF04001','Decorative table combined with wine rack','decorative-table-combined-with-wine-rack','[\"KF04_01_01ban-console-tu-ruou-CST050-08a.jpg\", \"KF04_01_02ban-console-tu-ruou-CST050-01a.jpg\", \"KF04_01_03ban-console-tu-ruou-CST050-02a.jpg\", \"KF04_01_04ban-console-tu-ruou-CST050-03a.jpg\", \"KF04_01_05ban-console-tu-ruou-CST050-04a.jpg\"]','17mm thick AA standard natural rubber wood. Solid square iron frame','Walnut color. Black powder coated iron frame.','100x40x80cm','Decorative table combined with wine racks CST050  has a modern design, sophisticated design often used in living room or dining room to create a perfect highlight for the space, console table with built-in utilities There are also wine racks and glass shelves to display your favorite decorations or shelves thanks to 3 spacious drawers, optimizing storage space.',360.00,64.00,100,1,'KF04',NULL,'2023-05-18 13:41:40','2023-05-18 13:41:40'),('PKF04002','Natural wood decorative cabinet','natural-wood-decorative-cabinet','[\"KF04_02_01tu-trang-tri-ktb68127-07a.jpg\", \"KF04_02_02tu-trung-bay-go-tu-nhien-ktb68127-01.jpg\", \"KF04_02_03tu-trung-bay-go-tu-nhien-ktb68127-02.jpg\", \"KF04_02_04tu-trung-bay-go-tu-nhien-ktb68127-03a.jpg\", \"KF04_02_05tu-trung-bay-go-tu-nhien-ktb68127-04a.jpg\"]','17mm thick AA standard rubber wood, clear glass door.','Walnut color.','120x40x90(cm)','KTB68127 natural wood decorative cabinet  uses the main material is AA standard rubber wood 17mm thick, PU paint, beautiful color finishing, combined with beautiful drawers and open drawers, a reasonable color scheme will help your home space more. more beautiful. Besides, the bottom of the cabinet has wheels with a solid lock to make it easier to move.',495.00,49.00,100,1,'KF04',NULL,'2023-05-18 13:43:09','2023-05-18 13:43:09'),('PKF04003','Natural wood portable mini wine cabinet','natural-wood-portable-mini-wine-cabinet','[\"KF04_03_01tu-ruou-mini-di-dong-tpa019-10a.jpg\", \"KF04_03_02tu-ruou-mini-di-dong-tpa019-01a.jpg\", \"KF04_03_03tu-ruou-mini-di-dong-tpa019-02a.jpg\", \"KF04_03_04tu-ruou-mini-di-dong-tpa019-03a.jpg\", \"KF04_03_05tu-ruou-mini-di-dong-tpa019-04a.jpg\"]','AA standard rubber wood with PU finish.','Walnut color or as required','60x40x85cm (Wheels are 6-8cm high)','TPA019 natural wood portable mini wine cabinet with simple design and compact size suitable for any living room or kitchen space. The main material used is AA standard rubber wood which is treated and finished to be waterproof, anti-warping to ensure high durability with many different colors to choose from depending on the needs of each person.',315.00,15.00,100,1,'KF04',NULL,'2023-05-18 13:44:09','2023-05-18 13:44:09'),('PKF04004','Wine cabinet rubber wood with iron legs','wine-cabinet-rubber-wood-with-iron-legs','[\"KF04_04_01tu-nha-bep-tpa014-04.jpg\", \"KF04_04_02tu-ruou-TAP014-1.jpg\", \"KF04_04_03tu-ruou-TAP014-2.jpg\", \"KF04_04_04tu-ruou-TAP014-3.jpg\", \"KF04_04_05tu-phong-an-go-tu-nhien-TAP014-001a.jpg\"]','AA standard rubber wood with PU finish. Inner glass door. Powder coated iron legs','Natural wood color or as required. Black painted iron legs.','50x40x180(cm)','TAP014 rubber wood wine cabinet with iron legs  with smart design with upper drawer divided into 2 floors and 3 drawers below combined with wine compartments in the middle to help you store or display your items easily. More easily, the harmonious combination of iron and wood materials exudes a modern beauty that is suitable for the dining room or kitchen space of houses or apartments today.',480.00,24.00,100,1,'KF04',NULL,'2023-05-18 13:45:17','2023-05-18 13:45:17'),('PKF04005','Natural wood mobile wine rack','natural-wood-mobile-wine-rack','[\"KF04_05_01ke-rou-di-dong-7.jpg\", \"KF04_05_02ke-rou-di-dong-1.jpg\", \"KF04_05_03ke-rou-di-dong-3.jpg\", \"KF04_05_04ke-rou-di-dong-4.jpg\", \"KF04_05_05ke-rou-di-dong-5.jpg\"]','AA standard rubber wood with PU finish.','Natural wood color, walnut color, mop brown, cockroach wings white, black','80x40x80cm (Wheels are 6-8cm high)','Mobile wine rack of natural wood KR68001 with simple design and suitable size suitable for any space in the living room or kitchen, can be placed next to the dining table very conveniently, selling high-load trucks with light moving row. The shelf model has trays for wine and shelves for hanging glasses and food. With standard AA Rubber Wood material, painted Pu is very nice and friendly. Rubber wood can be painted in many different colors to match the space.',269.00,13.00,100,1,'KF04',NULL,'2023-05-18 13:46:23','2023-05-18 13:46:23'),('PKF04006','Natural wood mobile wine rack with iron frame','natural-wood-mobile-wine-rack-with-iron-frame','[\"KF04_05_01ke-rou-di-dong-7.jpg\", \"KF04_05_02ke-rou-di-dong-1.jpg\", \"KF04_05_03ke-rou-di-dong-3.jpg\", \"KF04_05_04ke-rou-di-dong-4.jpg\", \"KF04_05_05ke-rou-di-dong-5.jpg\"]','AA standard rubber wood with PU finish.','Natural wood color, walnut color, mop brown, cockroach wings white, black','80x40x75cm (Wheels are 6-8cm high)','Natural wood mobile wine rack with iron frame KR68002 with simple design and compact size suitable for any living room or kitchen space, The shelf model uses AA standard natural rubber wood material. 17mm thick PU paint finish with many colors to choose from. Combined with black painted iron frame as a highlight. Convenient design with 4 wine trays and shelves for glasses, or food.',259.00,13.00,100,1,'KF04',NULL,'2023-05-18 13:48:50','2023-05-18 13:48:50'),('PKF04007','Natural wooden wine cabinet with tray for wine glasses','natural-wooden-wine-cabinet-with-tray-for-wine-glasses','[\"KF04_07_01Tu-dung-ruou-TPA018-10a.jpg\", \"KF04_07_02Tu-dung-ruou-TPA018-01a.jpg\", \"KF04_07_03Tu-dung-ruou-TPA018-02a.jpg\", \"KF04_07_04Tu-dung-ruou-TPA018-06a.jpg\", \"KF04_07_05Tu-dung-ruou-TPA018-03a.jpg\"]','AA standard rubber wood with PU finish. Powder coated square iron frame.','Black painted iron frame','50x40x120(cm)','Natural wooden wine cabinet with tray for wine glasses TPA018  with smart design, reasonable floor divider combined with wine and glass compartments to help you store or display your items more easily, stylish Modern design suitable for dining room or kitchen space in houses or apartments today. The main material used is AA standard rubber wood which is treated and finished to be waterproof, anti-warping to ensure high durability, painted with walnut or PU paint in 5 different colors depending on the needs of each customer. People.',340.00,17.00,100,1,'KF04',NULL,'2023-05-18 13:50:00','2023-05-18 13:50:00'),('PKF04008','Natural wooden cabinet with iron frame with wine glass tray','natural-wooden-cabinet-with-iron-frame-with-wine-glass-tray','[\"KF04_08_01tu-ruou-go-khung-sat-tpa017-05a.jpg\", \"KF04_08_02tu-ruou-go-khung-sat-tpa017-02a.jpg\", \"KF04_08_03tu-ruou-go-khung-sat-tpa017-01a.jpg\", \"KF04_08_04tu-ruou-go-khung-sat-tpa017-03a.jpg\", \"KF04_08_05tu-ruou-go-khung-sat-tpa017-04a.jpg\"]','AA standard rubber wood with PU finish. Powder coated square iron frame.','PU painted wood in natural color and black. Black painted iron frame','60x40x160(cm)','Natural wooden cabinet with iron frame with wine glass tray TPA017 uses the main material is AA standard rubber wood, treated and finished with waterproof, anti-warping PU paint combined with a durable high-quality powder-coated iron frame persistent over time. TPA017 cabinet has a modern design and high utility with 2 wine glass trays suitable for most spaces from houses to restaurants.',460.00,23.00,100,1,'KF04',NULL,'2023-05-18 13:51:41','2023-05-18 13:51:41'),('PKF04009','rubber wood dining room cabinet','rubber-wood-dining-room-cabinet','[\"KF04_09_01tu-dung-phong-an-tpa002-05a.jpg\", \"KF04_09_02tu-phong-an-go-TPA002-01a.jpg\", \"KF04_09_03tu-phong-an-go-TPA002-02a.jpg\", \"KF04_09_04tu-phong-an-go-TPA002-03a.jpg\", \"KF04_09_05tu-phong-an-go-TPA002-04a.jpg\"]','AA standard rubber wood with PU finish.','Natural wood color or as required.','80x40x172(cm)','Cabinets, decorative dining room cabinets TPA002 uses the main material is AA standard rubber wood, which is treated and finished to be waterproof, anti-warping to ensure high durability, PU painted wood in 5 different colors depending on the needs of customers. to each person\'s needs. The glass door design makes it easier to store and display your items more easily.',495.00,0.00,100,1,'KF04',NULL,'2023-05-18 13:53:23','2023-05-18 13:53:23'),('PLF03001','TV shelf with drawers rubber wood with iron legs','tv-shelf-with-drawers-rubber-wood-with-iron-legs','[\"LF03_01_01ke-tivi-ktv68100-07.jpg\", \"LF03_01_02ke-tivi-ktv68100-06.jpg\", \"LF03_01_03ke-tivi-ktv68100-05.jpg\", \"LF03_01_04ke-tivi-go-cao-su-7.jpg\", \"LF03_01_05ke-tivi-go-cao-su-3.jpg\"]','AA standard rubber wood, PU paint, powder-coated legs','PU painted wood in natural color or according to customer requirements, black or white powder-coated iron frame.','160x40x50cm','TV shelf with drawers rubber wood with iron legs KTV68096  with a length of 1.6m, a width of 40cm, suitable for most spaces and any device that can be both a TV shelf and a decorative cabinet is very beautiful. The main material is 17mm thick AA standard rubber wood with PU paint with beautiful color finishing, combined with glass doors in the drawers and open compartments, which will help your home space be more beautiful. Anti-rust powder coated iron legs ensure high durability as well as aesthetics for the product.',360.00,72.00,100,1,'LF03',NULL,'2023-05-17 12:29:07','2023-05-17 12:29:07'),('PLF03002','Natural wooden TV shelf with rattan door and iron legs','natural-wooden-tv-shelf-with-rattan-door-and-iron-legs','[\"LF03_02_01ke-tivi-KTV68099-06a.jpg\", \"LF03_02_02ke-tivi-go-nau-lau-KTV68096-01a.jpg\", \"LF03_02_03ke-tivi-go-nau-lau-KTV68096-02a.jpg\", \"LF03_02_04ke-tivi-go-nau-lau-KTV68096-03a.jpg\", \"LF03_02_05ke-tivi-go-nau-lau-KTV68096-04a.jpg\"]','AA standard rubber wood, white plastic rattan net, PU paint, iron legs','PU painted wood in natural color or walnut color.','140x40x50cm','Natural wood TV shelf with rattan iron door KTV68100 with 17mm thick AA standard rubber wood, PU paint, luxurious color finishing, combined with white plastic rattan door as a highlight. The 1.4m long shelf is suitable for any living room or bedroom space, designed with convenient opening doors and drawers, increasing the storage capacity. Actual image of luxurious dog corner pu wood paint color, besides that you can order the color as required.',320.00,64.00,100,1,'LF03',NULL,'2023-05-17 12:30:32','2023-05-17 12:30:32'),('PLF03003','TV shelf with stone surface, gold frame, with drawers','tv-shelf-with-stone-surface-gold-frame-with-drawers','[\"LF03_03_01ke-tivi-ktv68101-05.jpg\", \"LF03_03_02ke-tivi-ktv68101-01.jpg\", \"LF03_03_03ke-tivi-ktv68101-02.jpg\", \"LF03_03_04ke-tivi-ktv68101-03.jpg\", \"LF03_03_05ke-tivi-ktv68101-04.jpg\"]','Stone surface, wooden cabinet, round iron frame.','White + Gold','180x40x45(cm)','KTV68101 has  a luxurious and modern design with a shelf using white stone that has both aesthetics and good bearing capacity, minimizing scratches to ensure high durability. Iron frame painted in copper color brings elegance to your living room space. Besides, 2 drawers help increase the ability to store items more neat and tidy.',410.00,0.00,100,1,'LF03',NULL,'2023-05-17 12:37:17','2023-05-17 12:37:17'),('PLF03004','Oval TV shelf with drawers rubber wood and iron frame','oval-tv-shelf-with-drawers-rubber-wood-and-iron-frame','[\"LF03_04_01ktv68065-ke-tivi-3-ngan-go-trang-01.jpg\", \"LF03_04_02ktv68065-ke-tivi-3-ngan-go-trang-02.jpg\", \"LF03_04_03ktv68065-ke-tivi-3-ngan-go-trang-03.jpg\"]','17mm thick AA standard rubber wood. Solid 1.2mm thick square iron frame.','Natural wood color (or white, black). Black painted iron legs','180x40x45(cm)','Oval TV shelf with drawers rubber wood and iron frame KTV68090  has a modern design, oval table top creates an interesting highlight for the living room space. The main material is 17mm thick AA standard rubber wood which is beautifully treated and finished, the surface is covered with a waterproof paint that is easy to clean when the table surface gets wet. Welded iron leg frame is firmly fixed, 1.2mm thick iron with high quality powder coating is durable over time.',299.00,29.00,100,1,'LF03',NULL,'2023-05-17 12:39:29','2023-05-17 12:39:29'),('PLF03005','Wooden TV shelf with iron frame 2 floors - 160x37x45 (cm)','wooden-tv-shelf-with-iron-frame-2-floors-160x37x45-cm-','[\"LF03_05_01kich-thuoc-ke-tivi-khung-sat.jpg\", \"LF03_05_02ke-tivi-hien-dai-khung-sat-4.jpg\", \"LF03_05_03ke-tivi-hien-dai-khung-sat-3.jpg\", \"LF03_05_04ke-tivi-hien-dai-khung-sat-1.jpg\", \"LF03_05_05ke-tivi-hien-dai-khung-sat-2.jpg\"]','20x20mm square iron and 17mm AA standard rubber wood, matte PU','Black or white painted iron frame','1600x370x450 (mm)','The KTV68035 Living Room TV shelf has a simple but extremely impressive style with an iron border surrounding the rustic wood part, adding a small clip in the middle to create a highlight for the modern living room.',286.00,28.00,100,1,'LF03',NULL,'2023-05-17 12:41:07','2023-05-17 12:41:07'),('PLF03006','TV shelf combined with wooden frame iron bookshelf','tv-shelf-combined-with-wooden-frame-iron-bookshelf','[\"LF03_06_01ke-tivi-KTV68005.jpeg\", \"LF03_06_02tivi5.jpg\", \"LF03_06_03KTV68005-Ke-tivi-phong-khach-r01.jpg\", \"LF03_06_04KTV68005-Ke-tivi-phong-khach-r03.jpg\", \"LF03_06_05KTV68005-Ke-tivi-phong-khach-r02.jpg\"]','AA rubber wood - Powder coated iron box','Natural wood color','Dimensions 200x40x200 (cm) - TV stand 220x40 (cm)','TV shelf combined with bookshelf KTV68005 is a great combination of TV shelf and bookshelf to help bring a modern, sophisticated and impressive design. Besides, this combination idea is also very effective in optimizing the living space in your living room interior . The shelf system of the TV shelf model  KTV68005 is used by us with thin natural wood (18 mm) to help it take up not too much space and always create the necessary ventilation for a modern living room. The shelves and drawers are square shelves and  horizontal bar shelvesWe are evenly distributed on both sides with a reasonable distance that both makes it easy for you to put decorative objects, while creating aesthetics and harmony with the interior style of the house. Unlike traditional TV shelves, the KTV68005 bookshelf combination model does not create a sense of mystery or stereotyping, which is very meaningful for cleaning and hygiene.',770.00,77.00,100,1,'LF03',NULL,'2023-05-17 12:42:22','2023-05-17 12:42:22'),('PLF03007','TV shelf combined with wooden bookshelf with iron frame','tv-shelf-combined-with-wooden-bookshelf-with-iron-frame','[\"LF03_07_01ke-tivi-ktv68093-06.jpg\", \"LF03_07_02ke-tivi-ktv68093-01.jpg\", \"LF03_07_03ke-tivi-ktv68093-05.jpg\", \"LF03_07_04ke-tivi-ktv68093-04.jpg\", \"LF03_07_05ke-tivi-ktv68093-02.jpg\"]','AA standard 17mm rubber wood, powder coated iron frame','PU painted wood, natural wood color or as required. Black painted iron frame','250x40x200cm','TV shelf with wooden frame bookshelf KTV68093  is a great combination between a TV shelf and a bookshelf to help bring a modern, sophisticated and impressive design. Besides, this combination idea is also very effective in optimizing the living space in your living room interior. The shelf system of the  TV shelf model  KTV68093  uses natural rubber wood combined with a solid iron frame. The shelves and drawers are square shelves and horizontal bar shelves that are evenly distributed on both sides with a reasonable distance, making it easy for you to put decorative objects, while creating aesthetics and harmony with the style. the interior of the house.',1095.00,0.00,100,1,'LF03',NULL,'2023-05-17 12:46:11','2023-05-17 12:46:11'),('PLF03008','TV shelf combined with wooden frame bookshelf','tv-shelf-combined-with-wooden-frame-bookshelf','[\"LF03_08_01ke-tivi-ktv094-01.jpg\"]','AA standard 17mm rubber wood, powder coated iron frame','PU painted wood, natural wood color or as required. Black painted iron frame','192x40x200cm','TV shelf combined with wooden frame bookshelf KTV68094  is a great combination between TV shelf and bookshelf to help bring a modern, sophisticated and impressive design. Besides, this combination idea is also very effective in optimizing the living space in your living room interior. The shelf system of the  KTV68094 TV shelf  model uses natural rubber wood combined with a solid iron frame. The shelves and drawers are square shelves and horizontal bar shelves that are evenly distributed on both sides with a reasonable distance, making it easy for you to put decorative objects, while creating aesthetics and harmony with the style. the interior of the house.',940.00,0.00,100,1,'LF03',NULL,'2023-05-17 12:47:14','2023-05-17 12:47:14'),('PLF03009','ZAME TV shelf 140cm simple rubber wood iron frame','zame-tv-shelf-140cm-simple-rubber-wood-iron-frame','[\"LF03_09_01ke-tivi-2630.jpg\", \"LF03_09_02ke-tivi-2631.jpg\", \"LF03_09_03ke-tivi-2632.jpg\", \"LF03_09_04ke-tivi-2633.jpg\", \"LF03_09_05ke-tivi-2634.jpg\"]','20x20mm square iron box and 17mm AA standard rubber wood','Natural wood or mop brown, iron frame painted black','140x40x52cm','Simple 140cm ZAME TV shelf with rubber wood frame KTV68077 TV shelf model was born for you in a Minimalist and modern lifestyle with a combination of fixed welded iron frame and standard rubber wood shelves. AA standard painted Pu finish is very rustic, Zame TV stand is both simple and modern that can be used for many different purposes. Do not ignore this shelf model if you are a follower of the Japanese Minimalist lifestyle.',275.00,27.00,100,1,'LF03',NULL,'2023-05-17 12:48:25','2023-05-17 12:48:25'),('PLF04001','Corner shelf with drawers of natural wood with iron frame','corner-shelf-with-drawers-of-natural-wood-with-iron-frame','[\"LF04_01_01ke-goc-tuong-KGT68017-05.jpg\", \"LF04_01_02ke-goc-tuong-KGT68017-04.jpg\", \"LF04_01_03ke-goc-tuong-KGT68017-03.jpg\", \"LF04_01_04ke-goc-tuong-KGT68017-02.jpg\", \"LF04_01_05ke-goc-tuong-KGT68017-01.jpg\"]','17mm thick AA standard rubber wood, Anti-rust powder coated iron.','Wood painted in natural color or as required. Iron frame painted white or black.','40x40x160cm.','Corner shelf with drawers of natural wood with iron frame KGT68017  is designed to corner the wall to help make more use of the space of the room to decorate or display souvenirs or books to create accents for the space more interesting. taste. Corner shelf KGT68017 is a combination of wood and iron frame to bring a modern and attractive product suitable for today\'s living space.',210.00,0.00,100,1,'LF04',NULL,'2023-05-17 12:50:41','2023-05-17 12:50:41'),('PLF04002','Corner shelf with 4 floors of natural wood','corner-shelf-with-4-floors-of-natural-wood','[\"LF04_02_01ke-goc-tuong-KGT68016-05.jpg\", \"LF04_02_02ke-goc-tuong-go-KGT68016-02.jpg\", \"LF04_02_03ke-goc-tuong-go-KGT68016-04.jpg\", \"LF04_02_04ke-goc-tuong-go-KGT68016-03.jpg\", \"LF04_02_05ke-goc-tuong-go-KGT68016-01.jpg\"]','17mm thick AA standard rubber wood with PU paint','Natural wood color or as required','40x40x160(cm)','KGT68016 4-tier natural wood corner shelf is a shelf model designed to help make more use of the space of the room to decorate or display souvenirs or books to create accents for the space to be more interesting. taste. The shelf is completely used AA standard natural rubber wood which is treated and finished to be waterproof, anti-warping, beautiful colorful PU painted wood.',195.00,19.00,100,1,'LF04',NULL,'2023-05-17 12:52:05','2023-05-17 12:52:05'),('PLF04003','Natural wood 4-tier mobile bookshelf','natural-wood-4-tier-mobile-bookshelf','[\"LF04_03_01ke-sach-tron-co-chan-xoay-4.jpg\", \"LF04_03_02ke-sach-tron-co-chan-xoay-3.jpg\", \"LF04_03_03ke-sach-tron-co-chan-xoay-1.jpg\", \"LF04_03_04ke-sach-tron-co-chan-xoay.jpg\", \"LF04_03_05ke-sach-tron-co-chan-xoay-5.jpg\"]','AA standard natural rubber wood with PU finish','Natural wood color or as required.','45x45x118cm','3 tier natural wood mobile bookshelf KS68192 uses completely natural rubber wood treated and finished to be waterproof, anti-warping and has a beautiful color pattern, in addition to the natural wood color you can choose Choose from other colors in the wood palette at HomeOffice. The bottom of the shelf is equipped with locking wheels for easy movement when needed. The unique shelf design is suitable for many spaces from the family living room to the corporate office or the lobby of the public area,...',210.00,21.00,100,1,'LF04',NULL,'2023-05-17 12:53:17','2023-05-17 12:53:17'),('PLF04004','5 tier natural wood bookshelf','5-tier-natural-wood-bookshelf','[\"LF04_04_01ke-sach-5-tang-go-tu-nhien-6.jpg\", \"LF04_04_02ke-sach-5-tang-go-tu-nhien-4.jpg\", \"LF04_04_03ke-sach-5-tang-go-tu-nhien-5.jpg\", \"LF04_04_04ke-sach-5-tang-go-tu-nhien-3.jpg\", \"LF04_04_05ke-sach-5-tang-go-tu-nhien-1.jpg\"]','AA standard rubber wood with PU finish.','Natural Wood Color, Walnut color','60x30x180cm','5 tiers Natural wood bookshelf KS68187 with simple traditional design with 5 tiers 180cm high, using 17mm thick AA standard Rubber Wood material, PU paint finished with natural wood color or very luxurious Walnut color important. HomeOffice rubber wood is used with export standards and is highly processed, creating a very beautiful and durable bookshelf. With a width of 60cm, it is suitable for most spaces in the home or office.',320.00,21.00,100,1,'LF04',NULL,'2023-05-17 12:57:03','2023-05-17 12:57:03'),('PLF04005','Rubber wooden bookshelf with iron base','rubber-wooden-bookshelf-with-iron-base','[\"LF04_05_01ke-sach-ks68157-04.jpg\", \"LF04_05_02ke-sach-go-cao-su-KS68157.jpg\", \"LF04_05_03ke-sach-go-cao-su-KS68157b.jpg\", \"LF04_05_04ke-sach-go-cao-su-KS68157a.jpg\", \"LF04_05_05ke-sach-go-cao-su-KS68157g.jpg\"]','AA standard rubber wood with PU finish. Powder coated square iron legs','Wood 5 colors choose. Black painted iron legs.','60x30x170cm','Rubber wood bookshelf with iron base KS68157  simple design with main material is AA standard rubber wood 17mm thick with PU paint finish beautifully with 5 colors to choose from, door running with white or black painted border, small size suitable for all spaces and especially convenient for small spaces. The shelf model is suitable for living room, bedroom or office space, which is convenient or can be placed in the kitchen.',320.00,57.00,100,1,'LF04',NULL,'2023-05-17 12:58:09','2023-05-17 12:58:09'),('PLF04006','Decorative bookshelf of Melaleuca wood with iron legs','decorative-bookshelf-of-melaleuca-wood-with-iron-legs','[\"LF04_06_01ke-sach-go-tram-KS68178-05.jpg\", \"LF04_06_02ke-trang-tri-go-tram-ks68178-002.jpg\", \"LF04_06_03ke-trang-tri-go-tram-ks68178-001.jpg\", \"LF04_06_04ke-trang-tri-go-tram-ks68178-004.jpg\", \"LF04_06_05ke-trang-tri-go-tram-ks68178-003.jpg\"]','25mm thick natural Melaleuca wood. Solid 1.2mm thick square iron','Natural wood color or cockroach wings. Black powder coated iron legs','100x32x180cm','Decorative bookshelf of Melaleuca wood with iron legs KS68178 uses AA standard 25mm Melaleuca wood with PU treatment to make the product surface very beautiful, waterproof and anti-warping combined with an iron base covered with electrostatic paint to ensure guarantee high durability. Modern design, unique design not only meets the storage function but also is a decoration to make your space more impressive.',395.00,31.00,100,1,'LF04',NULL,'2023-05-17 12:59:41','2023-05-17 12:59:41'),('PLF04007','Simple wooden bookshelf with 5 floors and 10 compartments','simple-wooden-bookshelf-with-5-floors-and-10-compartments','[\"LF04_07_01ke-sach-don-gian-KS68147-03.jpg\", \"LF04_07_02ke-sach-trang-tri-KS68147-r04.jpg\", \"LF04_07_03ke-sach-trang-tri-KS68147-r05.jpg\", \"LF04_07_04ke-sach-trang-tri-KS68147-r02.jpg\", \"LF04_07_05ke-sach-trang-tri-KS68147-r01.jpg\"]','17mm thick AA standard natural rubber wood','Natural wood color or as required.','70x30x174(cm)','Simple wooden bookshelf with 5 floors and 10 compartments KS68147  uses the main material of 17mm thick AA standard natural rubber wood that has been treated through high technology, waterproof treatment and does not warp during use. Minimalist design, never out of date is what customers love and choose the  KS68147 shelf , or you can combine single shelves into a home bookshelf system and easily relocate when needed.',250.00,0.00,100,1,'LF04',NULL,'2023-05-17 13:04:02','2023-05-17 13:04:02'),('PLF04008','Decorative bookshelf ZINO 02 rubber wood','decorative-bookshelf-zino-02-rubber-wood','[\"LF04_08_01ke-sach-trang-tri-ks68145-03.jpg\", \"LF04_08_02ke-sach-zino-02-KS68145-03.jpg\", \"LF04_08_03ke-sach-zino-02-KS68145-04.jpg\", \"LF04_08_04ke-sach-zino-02-KS68145-01.jpg\", \"LF04_08_05ke-sach-zino-02-KS68145-02.jpg\"]','17mm thick AA standard rubber wood.','PU painted wood finish 5 colors to choose from','50x32x140cm','Decorative bookshelf ZINO 02 rubber wood KS68145 uses completely natural rubber wood material with high durability, 17mm thick AA standard wood, PU paint finish, waterproof and anti-warping to give you peace of mind in use. Besides the popular natural wood color, you can also choose other colors such as white, black, cockroach wings or unique mop brown depending on the space used and your preferences.',155.00,15.00,100,1,'LF04',NULL,'2023-05-17 13:06:01','2023-05-17 13:06:01'),('PLF04009','Decorative bookshelf with drawers, iron and rubber wood frame','decorative-bookshelf-with-drawers-iron-and-rubber-wood-frame','[\"LF04_09_01ke-sach-trang-tri-ks68123-05.jpg\", \"LF04_09_02ke-sach-trang-tri-ks68123-06.jpg\", \"LF04_09_03ke-sach-trang-tri-k68123-r04.jpg\", \"LF04_09_04ke-sach-trang-tri-ks68123-05_96qq-jn.jpg\"]','17mm thick AA standard rubber wood. Square iron frame 20mm thick 1.2mm','Natural wood color or as required. Black powder coated iron surface.','70x30x175(cm)','Decorative bookshelf with drawers, iron and rubber wood frame, KS68123 uses standard export AA rubber wood material that has been treated with modern technology to help prevent warping, is covered with waterproof PU coating, for color and texture. The natural wood grain is very beautiful. Modern design, unique design not only meets the storage function but also is a decoration to make your space more impressive.',280.00,22.00,100,1,'LF04',NULL,'2023-05-17 13:07:11','2023-05-17 13:07:11'),('PLF05001','Natural wood decorative cabinet','natural-wood-decorative-cabinet','[\"LF05_01_01tu-trang-tri-ktb68127-07a.jpg\", \"LF05_01_02tu-trang-tri-ktb68127-01a.jpg\", \"LF05_01_03tu-trang-tri-ktb68127-02a.jpg\", \"LF05_01_04tu-trang-tri-ktb68127-03a.jpg\", \"LF05_01_05tu-trung-bay-go-tu-nhien-ktb68127-06a.jpg\"]','17mm thick AA standard rubber wood, clear glass door.','Walnut color.','120x40x90(cm)','KTB68127 natural wood decorative cabinet  uses the main material is AA standard rubber wood, 17mm thick, PU paint, beautiful color, combined with beautiful drawers and open drawers, a reasonable color scheme will help your home space more. more beautiful. Besides, the bottom of the cabinet has wheels with a solid lock to make it easier to move.',495.00,49.00,100,1,'LF05',NULL,'2023-05-17 13:12:04','2023-05-17 13:12:04'),('PLF05002','Wooden decorative cabinet with iron legs','wooden-decorative-cabinet-with-iron-legs','[\"LF05_02_01tu-trang-tri-KTB68122-04.jpg\", \"LF05_02_02tu-trang-tri-go-cua-kinh-ktb680122-01.jpg\", \"LF05_02_03tu-trang-tri-go-cua-kinh-ktb680122-02.jpg\", \"LF05_02_04tu-trang-tri-go-cua-kinh-ktb680122-03.jpg\", \"LF05_02_05tu-trang-tri-go-cua-kinh-ktb680122-04.jpg\"]','AA standard rubber wood, PU paint. Glass inside. Square iron legs 20x20mm','Natural wood color, white painted door. Black painted iron base','80x35x110cm','KTB68122 rubber wood decorative cabinet with iron legs  with simple and compact design, 80cm in width and 35cm in width and 110cm in height divided into 3 floors, suitable for most spaces from houses to offices,... Material The main is AA standard rubber wood that is treated and waterproofed to ensure durability over time combined with a square iron base covered with high quality powder coating.',325.00,32.00,100,1,'LF05',NULL,'2023-05-17 13:13:28','2023-05-17 13:13:28'),('PLF05003','Decorative cabinet with iron frame rattan mesh door','decorative-cabinet-with-iron-frame-rattan-mesh-door','[\"LF05_03_01tu-trang-tri-KTB68121-05.jpg\", \"LF05_03_02tu-trang-tri-cua-luoi-may-KTB68121-001.jpg\", \"LF05_03_03tu-trang-tri-cua-luoi-may-KTB68121-004.jpg\", \"LF05_03_04tu-trang-tri-cua-luoi-may-KTB68121-002.jpg\", \"LF05_03_05tu-trang-tri-cua-luoi-may-KTB68121-003.jpg\"]','AA standard 17mm rubber wood, imitation rattan plastic mesh door. Powder coated iron frame','PU painted wood in natural color and black, natural color mesh door. Black painted iron legs','80x35x90cm','KTB68121 iron frame rattan door decorative cabinet  with the main material used is AA standard rubber wood which is treated and waterproofed to ensure durability over time, the highlight of the lattice door brings newness strange, unique for your space. Combined with the wooden surface is a square iron frame covered with high quality powder coating, durable over time.',225.00,0.00,100,1,'LF05',NULL,'2023-05-17 13:14:52','2023-05-17 13:14:52'),('PLF05004','Wooden decorative cabinet with iron base','wooden-decorative-cabinet-with-iron-base','[\"LF05_04_01tu-trang-tri-ktb68120-07.jpg\", \"LF05_04_02tu-trang-tri-ktb68120-04.jpg\", \"LF05_04_03tu-trang-tri-ktb68120-10.jpg\", \"LF05_04_04tu-trang-tri-ktb68120-01.jpg\", \"LF05_04_05tu-trang-tri-ktb68120-03.jpg\"]','AA standard 17mm rubber wood, imitation rattan plastic mesh door. Powder coated iron legs','PU painted wood in natural color or white, natural color mesh door. Black painted iron legs','70x40x170cm','KTB68120 metal base rubber wood decorative cabinet  simple design with main material is 17mm thick AA standard rubber wood with PU paint finish beautifully with 5 colors to choose from, accents on the lattice door bring a touch of elegance. New and unique for your space. The model is suitable for living room, bedroom or office space.',455.00,0.00,100,1,'LF05',NULL,'2023-05-17 13:16:07','2023-05-17 13:16:07'),('PLF05005','Decorative cabinet with wooden rattan door Plywood iron legs','decorative-cabinet-with-wooden-rattan-door-plywood-iron-legs','[\"LF05_05_01tu-trang-tri-ktb68130-01_j51t-43.jpg\", \"LF05_05_02tu-trang-tri-ktb68130-02.jpg\", \"LF05_05_03tu-trang-tri-ktb68130-03.jpg\", \"LF05_05_04tu-trang-tri-ktb68130-04.jpg\", \"LF05_05_05tu-trang-tri-ktb68130-05.jpg\"]','18mm thick Plywood, imitation rattan plastic mesh door. Powder coated iron frame','Wood covered with melamine imitation concrete color, natural color mesh door. Black painted iron legs','135x45x60cm','KTB68130 is a decorative cabinet with the main material used is 18mm thick Plywood wood with natural wood core, possessing the preeminent features of natural wood to ensure durability over time. The highlight of the trellis mesh door brings a novelty and uniqueness to your space. Combined with the wooden surface is a square iron frame covered with high quality powder coating, durable over time.',415.00,0.00,100,1,'LF05',NULL,'2023-05-17 13:17:20','2023-05-17 13:17:20'),('PLF05006','Wooden decorative cabinet with iron frame rubber','wooden-decorative-cabinet-with-iron-frame-rubber','[\"LF05_06_01tu-trung-bay-ktb68112-03.jpg\", \"LF05_06_02tu-trang-tri-tu-bup-phe-3.jpg\", \"LF05_06_03tu-trang-tri-tu-bup-phe-1.jpg\", \"LF05_06_04tu-trang-tri-tu-bup-phe-2.jpg\", \"LF05_06_05tu-trang-tri-tu-bup-phe-5.jpg\"]','17mm thick AA standard rubber wood, MDF door. Solid 20mm square iron frame, 1.2mm thick.','Natural wood color, door painted black. Black painted iron legs','124x40x85(cm)','KTB68112 metal frame rubber wood decorative cabinet has a neat, tidy and convenient design with many drawers to help you have more storage space for the living room. Above the cabinet is a rather spacious wooden shelf, suitable for placing a few decorative items, the cabinet is designed with 3 drawers in the middle, the two sides of the cabinet open, each side divides 2 shelves to help you store a variety of items, as well as help bring a harmonious design. If you are looking for a piece of furniture that is suitable for young, elegant and most importantly convenient design, KTB68112  will  be a great choice.',595.00,0.00,100,1,'LF05',NULL,'2023-05-17 13:18:49','2023-05-17 13:18:49'),('PLF05007','Decorative bookshelf FUZZE rubber wood','decorative-bookshelf-fuzze-rubber-wood','[\"LF05_07_01ban-ve-KTB68064.jpg\", \"LF05_07_02KTB68064-ke-sach-trang-tri-fuzze-3.jpg\", \"LF05_07_03KTB68064-ke-sach-trang-tri-fuzze-1.jpg\", \"LF05_07_04KTB68064-ke-sach-trang-tri-fuzze-2.jpg\", \"LF05_07_05KTB68064-ke-sach-trang-tri-fuzze-5.jpg\"]','AA standard rubber wood, PU paint','Natural wood color, mop brown...','150x30x72cm','Decorative bookshelf FUZZE rubber wood KTB68064   modern design with 17mm thick AA standard rubber wood with Pu paint finished with 2 beautiful natural wood colors and beautiful mop brown, besides that customers can choose the color Painted on request, with 4 legs made from shiny stainless steel, the FUZZE shelf concept is characterized by dividing cells in combination with beautifully painted round holes or drawers.',368.00,0.00,100,1,'LF05',NULL,'2023-05-17 13:21:20','2023-05-17 13:21:20'),('PLF05008','Wooden cabinet to decorate living room','wooden-cabinet-to-decorate-living-room','[\"LF05_08_01tu-trung-bay-phong-khach-bang-go-cao-su-13.jpg\", \"LF05_08_02tu-trung-bay-phong-khach-bang-go-cao-su-1.jpg\", \"LF05_08_03tu-trung-bay-phong-khach-bang-go-cao-su-3.jpg\", \"LF05_08_04tu-trung-bay-phong-khach-bang-go-cao-su-4.jpg\", \"LF05_08_05tu-trung-bay-phong-khach-bang-go-cao-su-5.jpg\"]','Iron legs box 20x20mm thick 1.2mm painted black solid. AA standard rubber wood cabinet with beautiful natural PU color. Packaging size: 180x42x63cm','White,Black,Nature','180x36x63cm','KTB68060 Decorative Wood Cabinet  has a modern design suitable for many uses, the lower cabinet with modern sliding doors saves space. Iron legs box 20x20mm thick 1.2mm painted black solid. AA standard rubber wood cabinet with beautiful natural PU color. Packaging size: 180x42x63cm',550.00,0.00,100,1,'LF05',NULL,'2023-05-17 13:22:40','2023-05-17 13:22:40'),('PLF05009','Wooden cabinet to decorate living room','wooden-cabinet-to-decorate-living-room','[\"LF05_09_01tu-trung-bay-phong-khach-bang-go-cao-su-12.jpg\", \"LF05_09_02tu-trung-bay-phong-khach-bang-go-cao-su-7.jpg\", \"LF05_09_03tu-trung-bay-phong-khach-bang-go-cao-su-6.jpg\", \"LF05_09_04tu-trung-bay-phong-khach-bang-go-cao-su-8.jpg\", \"LF05_09_05tu-trang-tri-1.jpg\"]','Iron legs box 20x20mm thick 1.2mm painted black solid. AA standard rubber wood cabinet with beautiful natural PU color. Packaging size: 140x35x68cm','White,Black,Nature','140x35x68cm','Decorative Wood Cabinet KTB68061  has a modern design suitable for many uses, the lower cabinet with modern sliding doors saves space. Iron legs box 20x20mm thick 1.2mm painted black solid. AA standard rubber wood cabinet with beautiful natural PU color. Packaging size: 140x35x68cm',649.00,0.00,100,1,'LF05',NULL,'2023-05-17 13:23:39','2023-05-17 13:23:39'),('PLF06001','Combo Living Room Furniture 5 pieces','combo-living-room-furniture-5-pieces','[\"LF06_01_01combo-phong-khach-PK018-01.png\", \"LF06_01_02combo-phong-khach-PK018-02.jpeg\", \"LF06_01_03combo-phong-khach-PK018-03.png\", \"LF06_01_04combo-phong-khach-PK018-04.jpeg\", \"LF06_01_05combo-phong-khach-PK018-05.jpeg\", \"LF06_01_06combo-phong-khach-PK018-06.jpg\"]',NULL,NULL,NULL,'Combo of 5-piece Living Room Furniture PK018 with black color as the main color exudes a strong, personality with the highlight is copper gold color suitable for luxurious living room space, interior combo PK018 is an option not to be missed. When you are looking for items to make your living room impressive, express your personality.',2808.00,189.00,100,1,'LF06',NULL,'2023-05-17 13:27:21','2023-05-17 13:27:21'),('PLF06002','Combo Living Room Furniture 5 pieces','combo-living-room-furniture-5-pieces','[\"LF06_02_01combo-phong-khach-pk021-01.png\"]',NULL,NULL,NULL,'Combo Living Room Furniture 5 pieces PK021',2475.00,176.00,100,1,'LF06',NULL,'2023-05-17 13:28:43','2023-05-17 13:28:43'),('PLF06003','Combo Living Room Furniture 5 pieces','combo-living-room-furniture-5-pieces','[\"LF06_03_01combo-phong-khach-pk020-1.png\"]',NULL,NULL,NULL,'Combo Living Room Furniture 5 pieces PK020 basic product set for living room apartment or townhouse with sofa, sofa table, sofa side table, TV shelf and decorative book shelf, products made from rubber wood Standard AA thickness 17mm thick PU finish HomeOffice\'s superiority, customers can change the color according to their preferences.',2170.00,151.00,100,1,'LF06',NULL,'2023-05-17 13:30:02','2023-05-17 13:30:02'),('PLF06004','Combo Living Room Furniture 5 pieces','combo-living-room-furniture-5-pieces','[\"LF06_04_01combo-noi-that-phong-khach-pk024-01.png\", \"LF06_04_02combo-noi-that-phong-khach-pk024-02.jpeg\", \"LF06_04_03combo-noi-that-phong-khach-pk024-03.jpeg\", \"LF06_04_04combo-noi-that-phong-khach-pk024-04.jpeg\", \"LF06_04_05combo-noi-that-phong-khach-pk024-05.jpeg\", \"LF06_04_06combo-noi-that-phong-khach-pk024-06.jpeg\"]',NULL,NULL,NULL,'Combo of 5-piece Living Room Furniture PK024 set of golden  concept living room furniture   sets with elegant gray and white sofa with wooden legs, and tea table with iron frame painted in gold with white stone face, TV shelf with gold iron and bronze frame Combination of stone surface and very luxurious wooden drawers, sofa side table in stone color, decorative shelves, concept living room bookshelf in gold and white painted wood. All products are designed and manufactured by Homeoffice, so the color can be changed according to your preferences.',2026.00,137.00,100,1,'LF06',NULL,'2023-05-17 13:31:23','2023-05-17 13:31:23'),('PLF06005','Combo Living Room Furniture 5 pieces','combo-living-room-furniture-5-pieces','[\"LF06_05_01combo-noi-that-phong-khach-pk023-01.png\", \"LF06_05_02combo-noi-that-phong-khach-pk023-02.jpeg\", \"LF06_05_03combo-noi-that-phong-khach-pk023-03.png\", \"LF06_05_04combo-noi-that-phong-khach-pk023-04.jpeg\", \"LF06_05_05combo-noi-that-phong-khach-pk023-05.jpeg\", \"LF06_05_06combo-noi-that-phong-khach-pk023-06.jpeg\"]',NULL,NULL,NULL,'The 5-piece Living Room Furniture Combo PK023  is a living room product set for a large room with corner sofa, sofa table, decorative book shelf along with a TV shelf and shoe chair. The product set is very suitable for the interior of the living room of the apartment or the interior of the living room of the townhouse, the products are of moderate size for a spacious room space. The products are designed and manufactured by Homeoffice, so they can change the color according to the requirements of customers\' preferences, the product is made from AA standard rubber wood, painted with Pu, so it is very durable unlike other products. edge plywood.',2521.00,172.00,100,1,'LF06',NULL,'2023-05-17 13:32:47','2023-05-17 13:32:47'),('PLF06006','Combo Living Room Furniture 5 pieces','combo-living-room-furniture-5-pieces','[\"LF06_06_01combo-noi-that-phong-khach-pk022-01.png\", \"LF06_06_02combo-noi-that-phong-khach-pk022-02.jpeg\", \"LF06_06_03combo-noi-that-phong-khach-pk022-03.jpeg\", \"LF06_06_04combo-noi-that-phong-khach-pk022-04.jpeg\", \"LF06_06_05combo-noi-that-phong-khach-pk022-05.jpeg\", \"LF06_06_06combo-noi-that-phong-khach-pk022-06.jpeg\"]',NULL,NULL,NULL,'Combo Living Room Furniture 5 pieces PK022  basic set for living room apartment or townhouse with sofa, sofa table, sofa side table, TV shelf and shoe cabinet, products made from rubber wood AA standard 17mm thick with PU finish HomeOffice\'s superiority, customers can change the color according to their preferences.',2260.00,161.00,100,1,'LF06',NULL,'2023-05-17 13:34:29','2023-05-17 13:34:29'),('POF01001','L-shaped executive desk with cabinet','l-shaped-executive-desk-with-cabinet','[\"OF01_01_01_ban-chan-tu-bgd68070-01a.jpg\", \"OF01_01_02_ban-chan-tu-bgd68070-01a.jpg\", \"OF01_01_03_ban-chan-tu-bgd68070-01a.jpg\", \"OF01_01_04_ban-chan-tu-bgd68070-01a.jpg\", \"OF01_01_05_ban-chan-tu-bgd68070-01a.jpg\"]','Wood','Black','150x120x75(cm)','The L-shaped director\'s desk with legs combined with cabinets BGD68070, the tabletop, and the cabinet legs are made from 17mm thick AA standard rubber wood (2 beautiful sides) which is processed through 4 stages before PU finishing for a very surface product. Beautiful, absolutely waterproof. Combining a powder-coated iron frame with an easy assembly mounting mechanism, the surface is coated with high-grade electrostatic paint to resist chemical corrosion, ensuring high durability. Table legs combined with 4-drawer cabinets increase maximum storage capacity to keep the working space tidy.',210.87,0.00,100,1,'BF01',NULL,'2023-04-26 21:07:10','2023-04-26 21:41:29'),('POF01002','Natural wood director\'s desk','natural-wood-directors-desk','[\"OF01_02_01_ban-giam-doc-go-tu-nhien-1-chan-gac-tu-1.jpeg\", \"OF01_02_02_ban-giam-doc-go-tu-nhien-1-chan-gac-tu-1.jpeg\", \"OF01_02_03_ban-giam-doc-go-tu-nhien-1-chan-gac-tu-1.jpeg\", \"OF01_02_04_ban-giam-doc-go-tu-nhien-1-chan-gac-tu-1.jpeg\", \"OF01_02_05_ban-giam-doc-go-tu-nhien-1-chan-gac-tu-1.jpeg\"]','17mm thick AA standard rubber wood.Square iron 50mm and iron box 25x50mm 1.2mm thick type','Black','Table top 180x70x75cm, Cabinet 140x40x60cm','POF01002 natural wood director desk with AA standard Rubber Wood material 17mm thick with PU finish, with a scientifically assembled iron frame system, a 1.4m long 1-legged design table that fits very well. The table top size of 180x70cm is quite spacious to use. Besides the available color scheme that combines natural wood and black, you can request other colors in our color set, HomeOffice supports Free design color schemes.',434.35,0.00,100,1,'BF01',NULL,'2023-04-26 21:17:20','2023-04-26 21:41:35'),('POF01003','Desks 4-person workstations 240x120cm PLywood wood with iron legs CONE','desks-4-person-workstations-240x120cm-plywood-wood-with-iron-legs-cone','[\"OF01_03_01_ban-cum4-go-plywood-van-soi-chan-con-hbco027-03.jpeg\", \"OF01_03_02_ban-cum4-go-plywood-van-soi-chan-con-hbco027-03.jpeg\", \"OF01_03_03_ban-cum4-go-plywood-van-soi-chan-con-hbco027-03.jpeg\", \"OF01_03_04_ban-cum4-go-plywood-van-soi-chan-con-hbco027-03.jpeg\", \"OF01_03_05_ban-cum4-go-plywood-van-soi-chan-con-hbco027-03.jpeg\"]','18mm thick melamine coated plywood.Pinned iron pillar 49mm - 21mm, spread on iron square box 50x50mm, spread across iron box 25x50mm, iron 1.2mm thick','Melamine oak table top.Black or white powder coated iron legs','240x120x75(cm)','Desks 4-person workstations 240x120cm PLywood wood with iron legs CONE,  with Plywood table top with a natural wood core, beautiful oak grain melamine surface, the table surface is treated to be waterproof and warped, attractive natural wood color brings a touch of beauty, friendly, close to your workspace. Combined with the table surface is a beautiful tapered iron leg frame and the foot frame system of the mounting mechanism is easy to disassemble.',222.61,22.61,100,1,'OF01',NULL,'2023-04-26 21:18:15','2023-04-26 21:18:15'),('POF01004','Folding table of natural wood with Z-shaped iron legs','folding-table-of-natural-wood-with-z-shaped-iron-legs','[\"OF01_04_01_ban-gap-go-cao-su-spd68192-01a.jpg\", \"OF01_04_02_ban-gap-go-cao-su-spd68192-01a.jpg\", \"OF01_04_03_ban-gap-go-cao-su-spd68192-01a.jpg\", \"OF01_04_04_ban-gap-go-cao-su-spd68192-01a.jpg\", \"OF01_04_05_ban-gap-go-cao-su-spd68192-01a.jpg\"]','AA standard rubber wood (export standard) 17mm thick wood, powder-coated iron legs','Natural wood color or as required.Iron legs painted white.','120x60x75cm','Folding table of natural wood with Z-shaped iron legs SPD68192  is a product of the line of flexible and neat tables when the table legs are designed for maximum convenience when the tabletop can be folded easily. The 17mm AA standard rubber wood table top is treated and finished to be waterproof, and the natural rubber wood is tough and durable over time, besides the rubber wood at HomeOffice is painted with PU in different colors to help you have more choices. The bottom of each table leg is equipped with wheels with locking pins to make it easier to move, and it is possible to arrange different layouts depending on the nature and size of any large or small space.',84.78,8.48,100,1,'OF01',NULL,'2023-04-26 21:24:19','2023-04-26 21:24:19'),('POF01006','Director desk 180x160cm Rectang system with iron legs mounted HBRT022','director-desk-180x160cm-rectang-system-with-iron-legs-mounted-hbrt022','[\"OF01_06_01_ban-giam-doc-RECTANG-180x160-003.jpg\", \"OF01_06_02_ban-giam-doc-RECTANG-180x160-004.jpg\", \"OF01_06_03_ban-giam-doc-RECTANG-180x160-005.jpg\", \"OF01_06_04_ban-giam-doc-RECTANG-180x160-002.jpg\"]','Rubber wood, assembled iron leg frame','Natural wood color or PU color on request, white or black powder-coated iron frame','180x160x75cm','Director\'s Desk HBRT022 Rectang Concept 25x50 rectangular iron legs. Office table made of standard AA rubber wood, 17mm thick, PU, natural wood color, always has its own beauty, is environmentally friendly, for open offices, offices combined with green trees, the use of wooden tables rubber iron foot combination becomes perfect. Rubber wood material at HomeOffice is 17mm thick AA standard laminated wood (2 beautiful sides) that is processed through 4 stages before PU is finished for a very beautiful surface, absolute water resistance. Powder coated iron frame with easy assembly mounting mechanism.',418.00,22.00,100,1,'OF01',NULL,'2023-05-08 21:12:45','2023-05-08 21:12:45'),('POF01007','L-shaped executive desk, rubber wood surface, iron legs, Trapeze Concept HBTC020','l-shaped-executive-desk-rubber-wood-surface-iron-legs-trapeze-concept-hbtc020','[\"OF01_07_01_ban-goc-l-HBTC020.jpg\", \"OF01_07_02_ban-chu-L-trapeze-160x160-002.jpg\", \"OF01_07_02_ban-giam-doc-RECTANG-180x160-004.jpg\", \"OF01_07_03_ban-chu-L-trapeze-160x160-004_tf8s-m7.jpg\", \"OF01_07_03_ban-giam-doc-RECTANG-180x160-005.jpg\"]','Rubber wood, assembled iron frame','Natural wood color or PU color on request, white or black powder-coated iron frame','160x140x75cm - 160x150x75cm - 160x160x75cm - 180x160x75cm','L-shaped desk HBTC020 Trapeze Concetp 25x50 rectangular iron legs. Office desk rubber wood composite AA standard 17mm thick PU natural wood color always has its own beauty, environmentally friendly, for open offices, offices combined with trees, the use of rubber wood tables Iron legs combination becomes perfect. The rubber wood material at HomeOffice is 17mm thick AA standard wood (2 beautiful sides) that is processed through 4 stages before PU is completed for a very beautiful product surface, absolute water resistance. Powder-coated iron frame with mounting mechanism for quick and easy installation.',131.74,6.96,100,1,'BF01',NULL,'2023-05-08 18:48:41','2023-05-08 18:52:41'),('POF01008','Director\'s desk with melamine-coated Plywood legs and iron legs Slean HBSL026','directors-desk-with-melamine-coated-plywood-legs-and-iron-legs-slean-hbsl026','[\"OF01_08_01_ban-gac-tu-160x140cm-go-plywood-chan-slean-02.jpg\", \"OF01_08_02_ban-gac-tu-160x140cm-go-plywood-chan-slean-01.jpg\", \"OF01_08_03_ban-gac-tu-160x140cm-go-plywood-chan-slean-03.jpg\", \"OF01_08_04_ban-gac-tu-160x140cm-go-plywood-chan-slean-ii-01.jpg\", \"OF01_08_05_ban-gac-tu-160x140cm-go-plywood-chan-slean-ii-03.jpg\"]','18mm thick melamine faced plywood. 17mm thick AA standard natural rubber wood. square iron tablecloth 30mm, 30x60mm and 25x50mm; 1.2mm thick iron assembly structure.','The table top is dark. Black painted wooden cabinet. High quality black powder coated iron legs','160x140x75cm - 180x160x75cm','Melamine-coated Plywood management desk with iron legs Slean HBSL026 with natural wood-reinforced Plywood table top with melamine surface, surface treated with waterproof and warping, the table surface in addition to dark veins also has more color veins to help you make the right choice for your workspace. Combined with the Plywood wood surface, the slender Slean iron frame system exudes a delicate beauty, the minimalist design never goes out of fashion. Besides, the iron frame system, the mounting structure is smart and convenient when it is necessary to disassemble and relocate. The cabinet with table legs is made from AA standard natural rubber wood with beautiful black paint, the cabinet is divided into many floors to increase storage capacity to keep the working space neat and tidy.',302.13,15.91,100,1,'OF01',NULL,'2023-05-08 20:57:12','2023-05-08 20:57:12'),('POF01009','Director desk 160x70cm table legs combined with rubber wood cabinets BGD68053','director-desk-160x70cm-table-legs-combined-with-rubber-wood-cabinets-bgd68053','[\"OF01_09_01_ban-giam-doc-chan-tu-bgd68053-01.jpg\", \"OF01_09_02_ban-giam-doc-chan-tu-bgd68053-02.jpg\", \"OF01_09_03_ban-giam-doc-chan-tu-bgd68053-03.jpg\", \"OF01_09_04_ban-giam-doc-chan-tu-bgd68053-04.jpg\", \"OF01_09_05_ban-giam-doc-chan-tu-bgd68053-07.jpg\"]','Standard AA rubber wood 17mm thick with PU paint, solid square iron frame 25x25mm thick 1.2mm solid','Wood painted in natural color (or painted on request) Black powder coated iron legs or on request','160x70x75(cm)','Director desk 160x70cm, combined with cabinet BGD68053 with table top and legs made from 17mm thick AA standard rubber wood, treated with PU paint finish for a very beautiful product surface, absolute water resistance. Table legs combined with cabinets are a great idea to increase usable space but not take up too much space, return utility to users as well as bring certainty to the leader of the workspace. The base of the cabinet is made of high-quality powder-coated iron that is very sturdy and has good bearing capacity, the base of the cabinet is 15cm high to help keep the desk ventilated, avoiding moisture, so you can rest assured to use it for a long time.',340.74,17.96,100,1,'OF01',NULL,'2023-05-08 20:59:20','2023-05-08 20:59:20'),('POF02001','Mesh back office chair with footrest','mesh-back-office-chair-with-footrest','[\"OF02_01_01_ghe-van-phong-GAK-JO813l.jpg\", \"OF02_01_02_ghe-van-phong-GAK-JO813l.jpg\", \"OF02_01_03_ghe-van-phong-GAK-JO813l.jpg\", \"OF02_01_04_ghe-van-phong-GAK-JO813l.jpg\", \"OF02_01_05_ghe-van-phong-GAK-JO813l.jpg\"]','Headrest: Upholstered in cool mesh fabric. Seat backrest with strong plastic frame, mesh backrestblack. Thick, soft, high-elastic mattress provides comfort when sitting. The legs of the chair are made of durable stainless steel over time','Black, Grey','67x67x130(cm)','Mesh back office chair with footrestGAK-JO813 is an office chair with a modern and beautiful design with a plastic back frame, plastic arms,and high-quality mesh fabric mattress, with the ability to recline very comfortably. to rest in the office or lie down in the very comfortable home office. Solid frame system with high-grade forks, swivel wheels made from hard plastic, and large foot diameter, so it is very stable, especially with comfortable footrest when lying down.',139.13,6.96,100,1,'OF02',NULL,'2023-05-08 21:00:49','2023-05-08 21:00:49');
/*!40000 ALTER TABLE `products` ENABLE KEYS */;
UNLOCK TABLES;

--
-- Table structure for table `newsletters`
--

DROP TABLE IF EXISTS `newsletters`;
/*!40101 SET @saved_cs_client     = @@character_set_client */;
/*!50503 SET character_set_client = utf8mb4 */;
CREATE TABLE `newsletters` (
  `email` varchar(100) COLLATE utf8mb4_unicode_ci NOT NULL,
  PRIMARY KEY (`email`)
) ENGINE=InnoDB DEFAULT CHARSET=utf8mb4 COLLATE=utf8mb4_unicode_ci;
/*!40101 SET character_set_client = @saved_cs_client */;

--
-- Dumping data for table `newsletters`
--

LOCK TABLES `newsletters` WRITE;
/*!40000 ALTER TABLE `newsletters` DISABLE KEYS */;
INSERT INTO `newsletters` VALUES ('admin@gmail.com'),('ari6789@gmail.com'),('vanhein@gmail.com'),('vinhlong505@gmail.com');
/*!40000 ALTER TABLE `newsletters` ENABLE KEYS */;
UNLOCK TABLES;
/*!40103 SET TIME_ZONE=@OLD_TIME_ZONE */;

/*!40101 SET SQL_MODE=@OLD_SQL_MODE */;
/*!40014 SET FOREIGN_KEY_CHECKS=@OLD_FOREIGN_KEY_CHECKS */;
/*!40014 SET UNIQUE_CHECKS=@OLD_UNIQUE_CHECKS */;
/*!40101 SET CHARACTER_SET_CLIENT=@OLD_CHARACTER_SET_CLIENT */;
/*!40101 SET CHARACTER_SET_RESULTS=@OLD_CHARACTER_SET_RESULTS */;
/*!40101 SET COLLATION_CONNECTION=@OLD_COLLATION_CONNECTION */;
/*!40111 SET SQL_NOTES=@OLD_SQL_NOTES */;

-- Dump completed on 2023-05-20 10:25:16
